Time,x,y,z,z_ref,roll,pitch,yaw,vx,vy,vz,wx,wy,wz,u1,u2,u3,u4,status,dt_ms
0,0.25,-0.4,30.6191833390181,30.1191833390181,0.429718346348117,-0.286478897565412,0.859436692696235,0.5,-0.5,0,0.572957795130823,-0.859436692696235,0,-0.999999999999497,0.99999999999993,0.999999999999944,-0.253343342137941,0,30.0794
10,0.214086578529882,-0.411259076847581,30.4998567541325,30.1191833390181,0.466235958405071,0.00617400290030749,0.860523529265607,-7.38008066895121,-1.81017937066196,-23.1003534815736,-0.678560833447855,-637.183416884487,-2.45056720386637,0.651089811477803,0.999999999999999,-1,-1,0,20.4842
20,0.221669363854186,-0.410543048748818,30.2246952880945,30.1191833390181,0.486049875626054,0.47663546482202,0.865893498401145,9.75218637166904,1.98876640621377,-30.1546527164599,46.7208451876014,-372.553053032698,-1.2548736194536,-0.999999999999577,0.999999999999227,0.19521800192913,-0.999999999999657,0,20.4577
30,0.305588176691647,-0.370707220871593,29.9557062321058,30.1191833390181,0.417649520279005,0.701482831141655,0.871271645731974,7.71194386314327,6.26070230374361,-21.7717240239724,96.5883848672909,-41.8990148819079,0.0199509418592759,-0.999999999999995,0.999999999999965,0.999999999999993,-0.999999999999989,0,19.5361
40,0.351094994009318,-0.280063442685919,29.7894576395143,30.1191833390181,0.279834512263405,0.677398262002826,0.876540765064509,1.44918129183288,12.4309388349538,-10.315158260985,99.8360030565841,243.452856109211,0.952500330861794,-1,0.51312431301893,1,-1,0,35.961
50,0.339760952372951,-0.13082851677417,29.782017649476,30.1191833390181,0.0960050064007667,0.483553432727533,0.88254896591538,-4.24027356377263,18.2317260731353,8.84067524693418,64.9116148173037,414.188471920088,1.17017087883165,-1,-0.999999999999995,1,-0.999999999999997,0,23.2534
60,0.269679457747619,0.0409076064827062,30.0114020627207,30.1191833390181,-0.0962024071106342,0.187996375796889,0.893572959308381,-10.6791484914707,16.9852773162355,35.337807035101,31.4717969944996,393.16996034731,0.831111747835778,-0.999999999999986,-0.999999999999411,0.999999999999984,0.41386225433449,0,22.4146
70,0.122020676232584,0.169634147069841,30.3871871992441,30.1191833390181,-0.246043251493115,-0.1155554163981,0.909260838275034,-19.8326148085799,9.41032127758644,37.2434106398138,10.1111370840508,102.494253215466,1.17796178590469,-0.223815324395954,-0.999999999999868,-0.99999999999987,0.564557465206404,0,22.3827
80,-0.0395705131271371,0.232653015830485,30.7463375713615,30.1191833390181,-0.305724326816785,-0.246635590222819,0.923937284109999,-13.2225618681117,3.49322936871083,32.2704126099915,-15.5809926494617,-104.56109457095,1.70503740368748,0.999999999999999,-0.999999980608268,-0.999999999999999,0.43635839258762,0,20.2324
90,-0.112049365047308,0.246954279098717,30.9540221911947,30.1191833390181,-0.292934247892769,-0.190091110513325,0.938298761073293,-1.45917396902881,-0.588353177774486,8.00032516005642,-18.1577390175502,-105.912383537044,1.71084375979198,0.439909158995435,-0.620243121684652,-0.90907667316049,0.476034352980684,0,19.3892
100,-0.0944812067782932,0.232983201960365,30.8979426975861,30.1191833390181,-0.252666346036012,-0.0896128447689429,0.952803039725748,5.1546695263198,-2.28627050108222,-18.882340131074,-13.9322603554419,-34.0892596117907,1.52956783879973,0.026801979410453,-0.531461979542135,-0.219703911396675,0.318405051163004,0,21.6474
110,-0.0441456768984875,0.208226979416831,30.5907573992675,30.1191833390181,-0.210443235675988,-0.0203493174060608,0.967313158204305,5.15928106576936,-2.7808277269502,-40.6449946415289,-10.7166578461523,-15.9403827644969,1.491243812097,-0.183804326136981,-0.48830851655354,-0.103795462933302,0.194203334909467,0,22.86
120,0.000803717519436223,0.18151285056706,30.1420523955796,30.1191833390181,-0.173650809955021,0.0240556679319059,0.98186376929572,4.03607475792987,-2.68088028625228,-46.1256096329416,-7.34089824485107,-6.57998677578329,1.47462417301838,-0.269915205350103,-0.428149827500165,-0.0342175426490475,0.146563876403126,0,20.5063
130,0.0339725219413433,0.156689747799771,29.7298157507489,30.1191833390181,-0.145176764726062,0.050333457465717,0.996441446517599,2.75080425155205,-2.39693927405546,-33.4013244116835,-4.85503056334036,-2.79700622976148,1.46850736140162,-0.25369513444835,-0.324453834923417,0.0567651344936571,0.162807591971887,0,19.4787
140,0.0552833823718313,0.135009081388132,29.5122806271532,30.1191833390181,-0.124185777776397,0.0656154730033836,1.01103668075888,1.61445287980186,-2.04491764180878,-8.491913133794,-4.06874214084922,-1.54237725781896,1.46677072268291,-0.171618605812623,-0.198634323147018,0.155458560324782,0.214769942475178,0,19.7078
150,0.0670875024726953,0.116863389913327,29.558110785121,30.1191833390181,-0.108917906920734,0.0744631524734826,1.02564369737057,0.805515631855824,-1.67966193744042,17.3158736694197,-4.262631652686,-0.249667671382098,1.46571703797454,-0.0881359375360174,-0.0976955715084375,0.237070150941214,0.268638951450477,0,19.0957
160,0.0722286242965902,0.101649700762427,29.8211930900378,30.1191833390181,-0.0969994642297775,0.0789314080090055,1.04025765535408,0.246862230671745,-1.44654119708668,33.3912507005596,-4.41892817641345,1.28039662469991,1.46459059872466,-0.0453424247412069,-0.0418378076855461,0.274541571908858,0.28335488913761,0,20.2974
170,0.07246904087599,0.0881389686733011,30.1741230510624,30.1191833390181,-0.0859359571020969,0.0791094240251911,1.0548758607505,-0.200633492546266,-1.32867266858315,34.7605076362851,-4.38907366736368,2.34517036682238,1.46386305118129,-0.045749411282546,-0.0338373405923647,0.25252091328902,0.246685958976566,0,19.0561
180,0.0688808203830705,0.0755629899940679,30.4728047117167,30.1191833390181,-0.0742850970956524,0.0747342020604752,1.06949726487017,-0.53743783813375,-1.25132109931704,23.017712862413,-4.17258733651344,2.79235278712011,1.46351223690172,-0.077257076732131,-0.0618256815903897,0.184258351068723,0.171611079917246,0,19.9776
190,0.0626520631571797,0.063797382061594,30.6130091703173,30.1191833390181,-0.0620997465863053,0.0666644815058638,1.08412109673006,-0.739917122529326,-1.15923510106262,4.13262746098328,-3.71351026526805,2.74076962263282,1.46331111313799,-0.120873546426445,-0.105201827556587,0.0974929731569273,0.0830244374314843,0,19.0857
200,0.0550807280051886,0.0531055290041381,30.5599064993537,30.1191833390181,-0.0504476992603281,0.056813055719261,1.09874659814165,-0.810455265438854,-1.02911182532458,-14.4166318465093,-3.05351549425812,2.35494374539443,1.46315162691975,-0.156278091066049,-0.142232875274658,0.0214333832768677,0.00782608260134788,0,18.9121
210,0.0473076571658888,0.0438180834263619,30.3508577422065,30.1191833390181,-0.0404336634801093,0.0471464710708696,1.11337311437932,-0.779987926125347,-0.870777581917455,-26.0360608357918,-2.33593956825705,1.82381231650374,1.463021842809,-0.166562523120824,-0.154861961104122,-0.0218721266259958,-0.0335259243979551,0,19.3797
220,0.040102808730448,0.0360840358945449,30.0767419529534,30.1191833390181,-0.0325282043615374,0.0388564528315062,1.12800016807191,-0.694047865793998,-0.71146573544514,-26.9353696846662,-1.70878944918003,1.31559695913363,1.46292930351238,-0.143184540548601,-0.1337072887531,-0.0236855456333362,-0.0332950065288651,0,19.0219
230,0.0338226877081298,0.0298114018399647,29.8466346167309,30.1191833390181,-0.0265852744290053,0.0322711327760295,1.14262746918989,-0.591473485988175,-0.572672884474809,-17.4697223547508,-1.26211050436852,0.948518751491451,1.46286922903532,-0.0911339538715738,-0.0832499415912739,0.00877568949272987,0.000730296964557346,0,19.4713
240,0.0285253944465397,0.0247784745636348,29.7449998683894,30.1191833390181,-0.0221827738238334,0.027196617299104,1.1572548710965,-0.493817018895463,-0.458710588541054,-2.12629545602343,-1.00870848103419,0.762167523562142,1.46283084359582,-0.028958970442058,-0.0220946994704118,0.0555771587240355,0.0486063081915599,0,21.4878
250,0.0241022790215043,0.0207439429731272,29.798626577787,30.1191833390181,-0.0188597384393953,0.0232295658505692,1.17188231572168,-0.413103301060087,-0.368837516821697,12.4658777664913,-0.885868817367058,0.692371473222381,1.46280740081449,0.0207471117686785,0.0266664994910796,0.0929340496593187,0.0869781813360739,0,22.2564
260,0.0203632602334509,0.0174660964561438,29.9703112537693,30.1191833390181,-0.0161977196836617,0.0199376336371822,1.18650978736703,-0.353776946851827,-0.303789969419003,20.6609989359915,-0.815458913601808,0.648983027615619,1.46279420061076,0.0430035028668735,0.0478126750878082,0.104241747058112,0.0994389872184821,0,19.2701
270,0.0171244655678413,0.0147243319068326,30.1813796025333,30.1191833390181,-0.0138754702953677,0.0169873429365244,1.20113728132269,-0.310286795487951,-0.258700536378157,20.1108346707807,-0.750099014128278,0.592578869501974,1.46278565738583,0.0353987559211742,0.0390556162943949,0.0863452946604121,0.0827005566651275,0,19.4003
280,0.0142721230319646,0.0123657773773097,30.3480898847353,30.1191833390181,-0.0117250221294948,0.0142232817484673,1.21576479258854,-0.274129201266571,-0.224847072322538,12.1250317723263,-0.670307020539766,0.518017347720928,1.46277834269214,0.00644015692114115,0.00904577090395294,0.0478456514279696,0.045230918856081,0,19.0779
290,0.0117641129095497,0.01031586192899,30.4133600445929,30.1191833390181,-0.00973032262215489,0.0116573911434701,1.23039231594467,-0.239355438789817,-0.195106101917809,0.502878920661801,-0.572641560713167,0.42954358095301,1.46277150770877,-0.0294913430126755,-0.0277719238892766,0.00352734184178507,0.00176674361837664,0,19.1249
300,0.00959791892556309,0.00855104345920844,30.3634482875892,30.1191833390181,-0.00795821448793693,0.00938471584907521,1.24501984656659,-0.203905072407781,-0.166231342796367,-10.1589312389571,-0.465419326602142,0.336787764080719,1.46276561329776,-0.0575532968998186,-0.0565364307038225,-0.0314249853957271,-0.0325105147482409,0,19.3494
310,0.00777581478892038,0.00706294865055163,30.227900499727,30.1191833390181,-0.00647217807104174,0.00748604909939243,1.25964738031097,-0.168864476206489,-0.138371022024009,-16.0496150204252,-0.36301294724416,0.251718876813218,1.46276114838928,-0.0669861000763639,-0.0664893866661449,-0.0462121747117207,-0.0467873533013588,0,18.1963
320,0.00628303980577428,0.005834395881776,30.0652949469863,30.1191833390181,-0.00528522276110059,0.00597713597816071,1.27427491429207,-0.136575958278731,-0.113138670428839,-15.3640417837412,-0.278017261716935,0.183895963176151,1.46275813229438,-0.0545413015548787,-0.0543903256899442,-0.03783131861429,-0.0380453796282695,0,19.7686
330,0.00508397955683883,0.00483419202476427,29.9396337589403,30.1191833390181,-0.00436328531482372,0.00481441945851557,1.28890244710243,-0.108875801432409,-0.0917179894063978,-8.89324591440637,-0.216457512267706,0.137384401913362,1.46275623852647,-0.0257781074501211,-0.0258224595500848,-0.0121662813036066,-0.0121482567286801,0,19.711
340,0.00413003730164504,0.00402405498444132,29.8953862132973,30.1191833390181,-0.00365002812302847,0.00392505160029006,1.30352997848518,-0.0865073138979745,-0.0743098781644029,0.355449070286196,-0.176672225711158,0.109321093190239,1.46275509469163,0.00729118723159358,0.00714395319434631,0.0184993226879069,0.01866270253223,0,19.6855
350,0.00336947199661049,0.00336561464019203,29.9413623892965,30.1191833390181,-0.00308663651795203,0.00323290242152894,1.31815750878864,-0.0693341921767225,-0.0606958904577149,8.51658503875622,-0.151622710056604,0.0921506158914508,1.46275441628111,0.0318127826065756,0.0315934749722708,0.0410838177592659,0.0413491406988282,0,20.1146
360,0.00275541949293538,0.00282377800795609,30.0505408708505,30.1191833390181,-0.00262248998198193,0.00267410974567959,1.33278503847247,-0.05649935449887,-0.0504214305221161,12.5620671009904,-0.133709907147535,0.0792112621292826,1.46275399864925,0.0397498443524393,0.0394663459150276,0.0473835583019195,0.0477205208654535,0,18.7884
370,0.00225143654434173,0.00236982853853897,30.1747283633796,30.1191833390181,-0.00222166349301882,0.0022046887806802,1.34741256785418,-0.0467547254555992,-0.0426556220901189,11.4304191187193,-0.117924787715844,0.0673723590140743,1.46275370914873,0.030451536395581,0.0301163496948683,0.0366676678023455,0.0370430014003618,0,18.249
380,0.00183288500238134,0.00198389018525042,30.2656403100272,30.1191833390181,-0.0018656620826163,0.00180117281293406,1.36204009709599,-0.0389603058438522,-0.0364439501928324,6.1434205053307,-0.102014714708662,0.0558037278240411,1.46275348463111,0.00965852213013614,0.0092897117930596,0.0146563547331013,0.0150397562880219,0,19.3463
390,0.00148450850029643,0.00165432390956353,30.2928254781963,30.1191833390181,-0.00155029067907532,0.00145520344184287,1.3766676262665,-0.0323527676004851,-0.0310714520125161,-0.886912382793797,-0.0856598492779035,0.0446382587279111,1.46275330580051,-0.0135526593856322,-0.0139372700740148,-0.00957217207485484,-0.00920058943214919,0,19.1494
400,0.00119660425528965,0.00137465556435252,30.2525920698263,30.1191833390181,-0.00127811663370067,0.00116524131661615,1.39129515538535,-0.026563990266827,-0.0262027996791902,-6.89191905177567,-0.0697252325139575,0.0344424073483616,1.46275316937542,-0.030264811464976,-0.0306496239594157,-0.0271036270902431,-0.0267523073996777,0,19.1807
410,0.000961697822770795,0.00114022647750776,30.1665325448145,30.1191833390181,-0.00105112308796034,0.000929546656321985,1.40592268445176,-0.0215031826007231,-0.0218011722689147,-9.74068336088307,-0.0554807771430388,0.0258555117682142,1.46275307229934,-0.0347038480739237,-0.0350743339326667,-0.0321835122292941,-0.0318530704406683,0,18.9885
420,0.00077260366096966,0.000946129358333167,30.0713526662756,30.1191833390181,-0.000867184948887261,0.000743057894816563,1.42055021346381,-0.0171949592226365,-0.0179488551060619,-8.64516952878201,-0.0438948656554637,0.019275297186718,1.46275300749524,-0.0261000376612922,-0.026442571771929,-0.0240744386072082,-0.0237625122252816,0,19.6654
430,0.000621890804395058,0.000786737945550267,30.0039266817476,30.1191833390181,-0.000720430845413222,0.000597796070658794,1.43517774242663,-0.0136572890299707,-0.0147033977584528,-4.3737731985517,-0.0352504071732985,0.01467642292825,1.46275296603899,-0.00877816000180169,-0.00908327123888166,-0.00713563867531138,-0.00684018515750206,0,18.8191
440,0.00050219455298084,0.000656151783426712,29.9871698475732,30.1191833390181,-0.000603250558661401,0.000484728725799883,1.44980527135144,-0.0108532941099677,-0.0120573189070888,1.13892806716746,-0.0291371015554119,0.0116208086099939,1.46275294003506,0.00983080703251312,0.0095648180809831,0.0111716545833687,0.0114508507510481,0,18.5092
450,0.000406779694491039,0.000548757226066712,30.0223497913886,30.1191833390181,-0.000508127518010168,0.000395487383209129,1.46443280025102,-0.0086891459312855,-0.00995646798703013,5.65306733097601,-0.0247600051024289,0.00950366164600647,1.46275292363835,0.0224880208747439,0.0222559397790755,0.0235846194007785,0.0238450064815889,0,19.8741
460,0.000330023395530493,0.000459646535946931,30.0907267233939,30.1191833390181,-0.000428821372079592,0.000323407047181394,1.47906032913582,-0.00703197100036459,-0.00831066697208497,7.55231547467845,-0.0213467040627438,0.00785367350729333,1.46275291288623,0.0250760794425743,0.0248701553994864,0.025969715632459,0.0262063701322939,0,19.937
470,0.000267640761309676,0.000384920566988676,30.1629720657483,30.1191833390181,-0.000360981434781609,0.000263882124380826,1.49368785801264,-0.0057430132381085,-0.00700561987731466,6.40572080955047,-0.0183798644283639,0.0064308149062703,1.46275290537184,0.0178005401077652,0.0176140794348771,0.0185236763863026,0.0187316559049941,0,19.4953
480,0.000216591671192698,0.000321782980309958,30.2115140975875,30.1191833390181,-0.000302181921916971,0.000214149774953952,1.50831538688524,-0.00470825011859472,-0.00593211508946813,2.97574084728101,-0.0156160403984694,0.0051543329227563,1.462752899848,0.00449338539720382,0.00432211061314864,0.00507421221311035,0.00525114149251521,0,22.4097
490,0.000174773542509094,0.000268359069173369,30.2206018265052,30.1191833390181,-0.000251407566470938,0.000172704931276353,1.52294291575545,-0.00385093136275065,-0.00501222228857755,-1.2191768663241,-0.01301323857993,0.00402007754653309,1.46275289574139,-0.00926029019102078,-0.00941811404446916,-0.00879611032082668,-0.00864884758069255,0,20.0546
500,0.000140669317891948,0.00022335279941315,30.190798063827,30.1191833390181,-0.000208271905716779,0.000138633333507294,1.53757044462406,-0.00312821327355837,-0.00420599156781265,-4.54108054287944,-0.0106421997155318,0.00305271177837038,1.46275289275761,-0.0182927401357544,-0.0184365484477168,-0.0179221395832666,-0.0177997735507295,0,19.359
510,0.000113068665711874,0.000185722937872539,30.1371136694937,30.1191833390181,-0.00017236707658424,0.000111119741249418,1.55219797349141,-0.0025198264900927,-0.00350102454289797,-5.8320571491304,-0.00860049546125327,0.00227600718853341,1.4627528906702,-0.0196460271907496,-0.0197736024449262,-0.0193492416410142,-0.0192450706365805,0,19.04
520,9.0906472869039e-05,0.000154491461500712,30.0820920181334,30.1191833390181,-0.000142977203343483,8.92400907711533e-05,1.56682550235768,-0.00201573234735782,-0.00289613601262449,-4.79622524336201,-0.00694745455077259,0.00169359229839916,1.46275288926062,-0.01349301286682,-0.0136018581331399,-0.0132540243578902,-0.0131614055044432,0,21.6114
530,7.32056187772856e-05,0.000128691572026737,30.0466630976108,30.1191833390181,-0.000119113461258185,7.19784314642948e-05,1.58145303122312,-0.00160740702624164,-0.00238946423898385,-2.04577707315002,-0.0056752944785801,0.00128153849891054,1.46275288833074,-0.00286662819569845,-0.00295575754950741,-0.00267305822824958,-0.00258729683419551,0,19.8111
540,5.9082683164408e-05,0.000107395494491303,30.0423087380795,30.1191833390181,-9.96897799203659e-05,5.83386507533687e-05,1.59608056008796,-0.0012838554701871,-0.00197432133802285,1.20494115238858,-0.0047176017566739,0.00099537422945948,1.46275288772224,0.00773901931126342,0.00766794297320348,0.00789641256789361,0.00797699789689288,0,20.5803
550,4.77758436866673e-05,8.97621310497647e-05,30.0675370284652,30.1191833390181,-8.36958357048165e-05,4.7451846711585e-05,1.61070808895241,-0.00103109699053063,-0.00163941316195625,3.66709543068252,-0.00398240707438469,0.000788104748901131,1.46275288732047,0.0142855491775069,0.0142285198870338,0.014413591705406,0.0144879043084465,0,20.318
560,3.86668732419503e-05,7.50767679608739e-05,30.1097617456623,30.1191833390181,-7.0311887432416e-05,3.86372480564029e-05,1.62533561781665,-0.000833816201847856,-0.00137021070011997,4.48891875084234,-0.00338669371492849,0.000625700119122083,1.46275288704824,0.0147314999179069,0.0146835841821021,0.0148353769064731,0.014900894504742,0,20.5292
570,3.12822944584661e-05,6.27719778440529e-05,30.1512909294172,30.1191833390181,-5.8955160847071e-05,3.14106526733408e-05,1.63996314668078,-0.000677862616650906,-0.00115129265000272,3.53462928182914,-0.00287441907974221,0.00049026267896998,1.46275288685754,0.00957340830674478,0.00953030078961721,0.00965729351548887,0.00971174419026978,0,18.6171
580,2.52729620412836e-05,5.24223024746252e-05,30.1765686500075,30.1191833390181,-4.92604715463505e-05,2.54516231280924e-05,1.65459067554485,-0.000552074380547753,-0.000969228194997611,1.3499419627844,-0.00241753394339302,0.00037491498189718,1.46275288672072,0.00133882377306746,0.00129786196861817,0.00140626018051906,0.00144883606667485,0,19.5935
590,2.03822157344978e-05,4.3715197208326e-05,30.1777547674997,30.1191833390181,-4.10131256341205e-05,2.05497424539696e-05,1.66921820440889,-0.000448754670019753,-0.000814469344312361,-1.1207285773653,-0.00200846530562797,0.000278102343386663,1.46275288662211,-0.00658261164715617,-0.00662211921129264,-0.00652854752911458,-0.00649675254284795,0,19.7904
600,1.64144373971546e-05,3.64121112495314e-05,30.1568222969834,30.1191833390181,-3.40683900546411e-05,1.65519086027621e-05,1.68384573327292,-0.000363115412945599,-0.00068145806386968,-2.92411429620271,-0.00165034862381489,0.000199940434218495,1.46275288655193,-0.0112590195405654,-0.0112960549087581,-0.0112156813935995,-0.0111919495810988,0,19.3359
610,1.32113034740625e-05,3.03150961399408e-05,30.1238388150427,30.1191833390181,-2.82911972565004e-05,1.33261275209761e-05,1.69847326213692,-0.000292280777984323,-0.000567406938616413,-3.4483626306832,-0.00134815893306114,0.000140147521622433,1.462752886503,-0.0112422029050461,-0.0112747850648315,-0.0112073807549356,-0.0111881869817028,0,19.6991
620,1.06377240691757e-05,2.52470757622931e-05,30.0924276879456,30.1191833390181,-2.35307374396052e-05,1.07459352089042e-05,1.71310079100092,-0.000234326696300264,-0.000470757425662907,-2.61924387602973,-0.00110279052110588,9.70165930411869e-05,1.46275288646953,-0.00698311040542262,-0.00700935355277921,-0.00695502410719718,-0.00693713943533223,0,19.0226
630,8.57582453663957e-06,2.10451408018035e-05,30.0742992008356,30.1191833390181,-1.9623319965446e-05,8.6900245134531e-06,1.72772831986491,-0.00018761555657778,-0.000390092119123537,-0.882137134240988,-0.00090906807901023,6.73209368605265e-05,1.46275288644692,-0.000507989647021562,-0.000527098491278816,-0.000485251586514941,-0.000466739323748462,0,19.0362
640,6.92379387174559e-06,1.75614882201113e-05,30.0749815196781,30.1191833390181,-1.64078654216751e-05,7.0484186459618e-06,1.74235584872889,-0.000150476110887582,-0.000323683779711414,1.01391724217849,-0.000757228308739407,4.7089845546654e-05,1.46275288643169,0.00550063334187024,0.00548789531829518,0.00551908202020135,0.00553841691094098,0,19.7781
650,5.59649889293347e-06,1.46667715630004e-05,30.0923133932186,30.1191833390181,-1.37415112520315e-05,5.72853820947354e-06,1.75698337759286,-0.000121162798892922,-0.000269461979890587,2.33370190618938,-0.000636169661163737,3.27658600066351e-05,1.46275288642136,0.0088105616920056,0.00880214665115584,0.00882552884621996,0.00884443528171799,0,19.4066
660,4.52562617203279e-06,1.22527419860551e-05,30.1180478215587,30.1191833390181,-1.15093399414008e-05,4.6579764107422e-06,1.77161090645684,-9.79868661355531e-05,-0.000225185420597079,2.63749019503507,-0.000536382390162984,2.19484313338976e-05,1.46275288641424,0.00845398107920833,0.00844736183377395,0.00846609836529697,0.00848271186912645,0,20.43
670,3.65831540849871e-06,1.02326478536436e-05,30.1416191958999,30.1191833390181,-9.62663536962715e-06,3.78346779348042e-06,1.78623843532081,-7.94859189640024e-05,-0.000188714529444562,1.91648048146536,-0.00045134942411598,1.33928260088259e-05,1.46275288640926,0.00495084654411122,0.00494390407236566,0.00496062662763005,0.00497339184120514,0,20.5708
680,2.95444635299151e-06,8.53898359395832e-06,30.1543726719059,30.1191833390181,-8.03455788355668e-06,3.06709722630737e-06,1.80086596418478,-6.4524048004997e-05,-0.000158268375870467,0.547710294229311,-0.000377492937522093,6.59444685486671e-06,1.46275288640572,-5.83643402802484e-05,-6.67350177451247e-05,-5.04925511476382e-05,-4.21855335954438e-05,0,21.0009
690,2.3834165392417e-06,7.11933716365811e-06,30.1526059083664,30.1191833390181,-6.69196883729976e-06,2.48144658712081e-06,1.81549349304876,-5.22935871270504e-05,-0.000132549561265182,-0.889086109640171,-0.000313336639532287,1.37799264202774e-06,1.46275288640321,-0.00454391908161142,-0.00455362909573458,-0.00453759265231759,-0.00453321229225486,0,19.6642
700,1.92123242034189e-06,5.93180153252395e-06,30.1384415922787,30.1191833390181,-5.56699101438849e-06,2.00525992920368e-06,1.83012102191273,-4.22496379957222e-05,-0.00011070709830552,-1.84760854343691,-0.000258462208884691,-2.3574288315441e-06,1.46275288640144,-0.00687426090194836,-0.00688425628265872,-0.00686917506131544,-0.00686727394509981,0,20.3777
710,1.54836124762786e-06,4.94126039359421e-06,30.118450835618,30.1191833390181,-4.63109675925711e-06,1.62054952083511e-06,1.8447485507767,-3.40215846727275e-05,-9.2196898335852e-05,-2.0144291097386,-0.000212620485548951,-4.76278805842645e-06,1.4627528864002,-0.00638220685597365,-0.0063910020124643,-0.00637811077837198,-0.00637686078978901,0,17.9967
720,1.2484114215407e-06,4.11712320567254e-06,30.1007524125104,30.1191833390181,-3.85660579445555e-06,1.31125654246706e-06,1.85937607964068,-2.73339212807575e-05,-7.66284483293064e-05,-1.40439454850215,-0.000175200145675542,-6.07699015146622e-06,1.46275288639935,-0.00352864313912435,-0.00353497680237836,-0.00352533543976443,-0.0035231834858832,0,19.3679
730,1.00746967210839e-06,3.43235083664836e-06,30.0917996537482,30.1191833390181,-3.21677881418515e-06,1.06301008545542e-06,1.87400360850465,-2.19523853803599e-05,-6.36575843564619e-05,-0.324901840730895,-0.000145101279632994,-6.60430754894055e-06,1.46275288639877,0.00037279088977053,0.000369427052970938,0.000375468368598409,0.000379275519440067,0,20.7728
740,8.13832053666816e-07,2.86325372171779e-06,30.0940963197895,30.1191833390181,-2.68707136120571e-06,8.63367751886276e-07,1.88863113736863,-1.76578433156318e-05,-5.29378687499953e-05,0.768516567642131,-0.000120917390461957,-6.64831167695855e-06,1.46275288639837,0.00373832991945636,0.00373751049665342,0.00374049992329712,0.00374574060836819,0,18.8201
750,6.57879023748982e-07,2.3895583032877e-06,30.1056373088598,30.1191833390181,-2.24638834731353e-06,7.0206436748264e-07,1.9032586662326,-1.42428257187375e-05,-4.41148307091514e-05,1.46079752709167,-0.000101238867657755,-6.44561434057947e-06,1.46275288639809,0.00534912217071279,0.00534971215178614,0.00535088033896074,0.00535658867323133,0,18.9926
760,5.31921438955804e-07,1.99440988368729e-06,30.1211273057448,30.1191833390181,-1.87773493645797e-06,5.71031253999587e-07,1.91788619509657,-1.15204426453004e-05,-3.68439027001031e-05,1.53156276185535,-8.48990116015879e-05,-6.13657177492147e-06,1.4627528863979,0.00477840920501785,0.00477905065769701,0.00477983149814761,0.00478479084312786,0,19.5944
770,4.29949501534121e-07,1.66415325654247e-06,30.1343240320319,30.1191833390181,-1.56811305895217e-06,4.64154607549678e-07,1.93251372396055,-9.33476508148249e-06,-3.08165658912584e-05,1.01798354337151,-7.10758382675793e-05,-5.7829188296065e-06,1.46275288639777,0.0024663494692643,0.00246597157836848,0.00246749769348457,0.00247075702530085,0,19.5706
780,3.4730879381486e-07,1.38788103975595e-06,30.1404887050708,30.1191833390181,-1.30781415633636e-06,3.76862556614175e-07,1.94714125282453,-7.56498320921812e-06,-2.57805381801873e-05,0.173060651939597,-5.92671400873016e-05,-5.40109711105512e-06,1.46275288639767,-0.000540023586342164,-0.000541868051939994,-0.000539098205758888,-0.000537882998454084,0,18.2695
790,2.80368427345971e-07,1.15685121623191e-06,30.1380101132027,30.1191833390181,-1.08943207907713e-06,3.05672805148923e-07,1.96176878168851,-6.12272720161785e-06,-2.15457111362018e-05,-0.651938272048195,-4.91944961755963e-05,-4.99319077974647e-06,1.46275288639761,-0.00304123680859333,-0.00304429707694708,-0.00304049158758807,-0.00304098031993001,0,18.6388
800,2.26238024535381e-07,9.63916337625238e-07,30.1286902137219,30.1191833390181,-9.06944772163091e-07,2.47812192720458e-07,1.97639631055249,-4.94480257379534e-06,-1.79757405655124e-05,-1.14864845013835,-4.0692213041745e-05,-4.5619047965555e-06,1.46275288639756,-0.00414685016540194,-0.00415035459543706,-0.00414624975388183,-0.00414759360723546,0,18.9294
810,1.82560264488107e-07,8.03075033501985e-07,30.1167262872659,30.1191833390181,-7.55091902288552e-07,2.00961965935175e-07,1.99102383941646,-3.98512673553525e-06,-1.49716932321561e-05,-1.16261664814673,-3.36210529423622e-05,-4.11659334029573e-06,1.46275288639753,-0.00357809132612831,-0.00358109467568894,-0.00357760687962569,-0.00357879470678901,0,17.7194
820,1.4737766147754e-07,6.69183268316206e-07,30.1068951745892,30.1191833390181,-6.29093449815369e-07,1.6312671170816e-07,2.00565136828044,-3.20773883870487e-06,-1.24561005151279e-05,-0.736505365064133,-2.78186670493616e-05,-3.67221619704477e-06,1.4627528863975,-0.00171533298866285,-0.00171710148826476,-0.00171494137257025,-0.00171518381983593,0,19.6778
830,1.19056347854945e-07,5.57800438785449e-07,30.1026933254231,30.1191833390181,-5.24615033600829e-07,1.32588407128698e-07,2.02027889714442,-2.58221728909878e-06,-1.03616500009764e-05,-0.0751571110514676,-2.30926107763797e-05,-3.24582022135985e-06,1.46275288639749,0.000608059768800476,0.000607774461929955,0.000608376842864059,0.000609374577379228,0,20.0411
840,9.624341855682e-08,4.6511764033536e-07,30.1051403846939,30.1191833390181,-4.37842942029237e-07,1.07898791529584e-07,2.0349064260084,-2.08142829444829e-06,-8.62586584106483e-06,0.547850419314366,-1.92386152203052e-05,-2.85153697146802e-06,1.46275288639748,0.0024669766074708,0.00246787917994073,0.00246723350489724,0.00246921474530315,0,20.3655
850,7.78374406263836e-08,3.87917358592222e-07,30.1126408622579,30.1191833390181,-3.65557991657906e-07,8.78749438422949e-08,2.04953395487237,-1.68106802753121e-06,-7.1900150869321e-06,0.901047529932478,-1.60687299094524e-05,-2.49660506374505e-06,1.46275288639747,0.00320636397072884,0.00320777903477166,0.00320657204269704,0.00320889355659479,0,20.6644
860,6.29583396690821e-08,3.23530127828066e-07,30.1218531853238,30.1191833390181,-3.05150515041775e-07,7.15801542315552e-08,2.06416148373635,-1.36020923068419e-06,-6.00072088002714e-06,0.878620493679665,-1.3429356630677e-05,-2.1824095514589e-06,1.46275288639747,0.00266184852706188,0.00266301424733882,0.00266201686188897,0.00266394371921619,0,19.2156
870,5.09124566391424e-08,2.69773373901907e-07,30.1291305284388,30.1191833390181,-2.54564685225227e-07,5.82881373666041e-08,2.07878901260033,-1.10170335384997e-06,-5.01185471090107e-06,0.52730433647476,-1.1208759315182e-05,-1.90525025530841e-06,1.46275288639746,0.00116971703578999,0.00117007578423803,0.00116985303790995,0.00117085031974998,0,19.2481
880,4.11551308007508e-08,2.24874069515042e-07,30.1319261440887,30.1191833390181,-2.12192744584125e-07,4.74381090641108e-08,2.09341654146431,-8.92259700164004e-07,-4.18584522619318e-06,0.0127996663641874,-9.33167525068925e-06,-1.66034641349338e-06,1.46275288639746,-0.00061233183948491,-0.000612953928930465,-0.000612222075747053,-0.000612308911856171,0,20.0492
890,3.32555765856356e-08,1.87385550518945e-07,30.1296386939924,30.1191833390181,-1.76753066945623e-07,3.85904409320619e-08,2.10804407032829,-7.21890008331771e-07,-3.49350837350314e-06,-0.454726789016648,-7.74755370525866e-06,-1.44306169100599e-06,1.46275288639746,-0.00198456905921455,-0.00198594235372009,-0.00198448049706943,-0.00198540534873959,0,20.4444
900,2.68679499157127e-08,1.56112445459626e-07,30.1236413013026,30.1191833390181,-1.47184386212868e-07,3.13904444025891e-08,2.12267159919226,-5.83202408570628e-07,-2.91255530471482e-06,-0.703917489119363,-6.42054188963252e-06,-1.25002579509128e-06,1.46275288639746,-0.00247120431926251,-0.00247282399472714,-0.00247113282808191,-0.0024723768482345,0,20.0894
910,2.17101469001374e-08,1.30051834857076e-07,30.1165672721288,30.1191833390181,-1.22574170146907e-07,2.55438602110536e-08,2.13729912805624,-4.70535836686343e-07,-2.42579231230099e-06,-0.662672393590972,-5.31854985936486e-06,-1.07882669141873e-06,1.46275288639746,-0.00197695361809027,-0.0019782571383173,-0.00197689583663629,-0.00197788465200197,0,19.9294
920,1.75495483333456e-08,1.0835278184844e-07,30.1111927155618,30.1191833390181,-1.02122370829392e-07,2.08025001749893e-08,2.15192665692022,-3.79413850680394e-07,-2.01920091911849e-06,-0.375571560360093,-4.41047914367281e-06,-9.28230815479697e-07,1.46275288639746,-0.000786206432494184,-0.000786794070546064,-0.00078615966952171,-0.000786483615584935,0,19.472
930,1.4193975846258e-08,9.02912335884895e-08,30.1093746179395,30.1191833390181,-8.51292398600477e-08,1.69573410450106e-08,2.1665541857842,-3.06031406685003e-07,-1.68074392100475e-06,0.0243618649689858,-3.66488464448979e-06,-7.96596112317558e-07,1.46275288639746,0.000581428101315045,0.000581654294567445,0.000581465988387766,0.000581913150830471,0,19.5809
940,1.14858330817912e-08,7.5253996309502e-08,30.1114407204186,30.1191833390181,-7.09941181100754e-08,1.38348190833496e-08,2.18118171464817,-2.47117451369344e-07,-1.39971689928465e-06,0.374757236102549,-3.05180004019206e-06,-6.82662128704828e-07,1.46275288639745,0.00159151122488183,0.00159233852280416,0.00159154193275423,0.00159255438423348,0,17.972
950,9.29741966747641e-09,6.27266970228023e-08,30.1162192979797,30.1191833390181,-5.92146426189048e-08,1.12936660393859e-08,2.19580924351215,-1.99831121325735e-07,-1.16657940223874e-06,0.548363752690207,-2.54457002084147e-06,-5.84532118350504e-07,1.46275288639745,0.00189903945333311,0.00190005699327787,0.00189906433330767,0.0019002369647919,0,18.4256
960,7.52665595289286e-09,5.22825302408631e-08,30.1216337543988,30.1191833390181,-4.93808043086959e-08,9.22116247829068e-09,2.21043677237613,-1.61778689100402e-07,-9.72951461257726e-07,0.497626140437516,-2.12181147684061e-06,-5.00122723240456e-07,1.46275288639745,0.00145949123466064,0.00146026607779319,0.00145951138132266,0.00146041606074334,0,18.5283
970,6.09243601135312e-09,4.35703672300986e-08,30.1255783401787,30.1191833390181,-4.11627118368631e-08,7.5283044545134e-09,2.22506430124011,-1.31069371527781e-07,-8.11734466247768e-07,0.264426390734951,-1.7678087725837e-06,-4.27774605794103e-07,1.46275288639745,0.000514357734750145,0.000514598889076625,0.000514374030767039,0.000514723821447554,0,19.9886
980,4.93043295868666e-09,3.63019915372522e-08,30.1267146014001,30.1191833390181,-3.42952121662697e-08,6.14499549601994e-09,2.23969183010409,-1.06166004724018e-07,-6.7715757938276e-07,-0.0449100959093125,-1.47051704817563e-06,-3.6544681572655e-07,1.46275288639745,-0.000529283067553622,-0.000529632194668058,-0.000529269892457841,-0.000529528164327112,0,20.1879
990,3.98939171722428e-09,3.02397823824926e-08,30.1248973207363,30.1191833390181,-2.85621705460606e-08,5.01537719672355e-09,2.25431935896806,-8.59340439399179e-08,-5.64634986250958e-07,-0.306172357979095,-1.22106800077278e-06,-3.11914851476073e-07,1.46275288639745,-0.00126845421499633,-0.00126921982513898,-0.00126844356528522,-0.00126913321695121,0,20.7826
1000,3.22796629049789e-09,2.51864856194335e-08,30.1211087200545,30.1191833390181,-2.37833731019082e-08,4.09401303466126e-09,2.26894688783204,-6.94817721846525e-08,-4.70482645416765e-07,-0.425738839820161,-1.0130792024823e-06,-2.65658491090876e-07,1.46275288639745,-0.00145513106248223,-0.00145599749801126,-0.00145512244722508,-0.00145592538523715,0,20.1949
1010,2.61242462989451e-09,2.09769609019753e-08,30.1169754619705,30.1191833390181,-1.98055626375445e-08,3.34331012160222e-09,2.28357441669602,-5.61433682282096e-08,-3.91799797610227e-07,-0.37273798366979,-8.40472259157433e-07,-2.25951619306219e-07,1.46275288639745,-0.00107420313041193,-0.00107484575598061,-0.00107419615666285,-0.00107478569589917,0,18.6281
1020,2.11509423855819e-09,1.7471936286377e-08,30.1140910637814,30.1191833390181,-1.64972224095623e-08,2.73206905295372e-09,2.29820194556,-4.53448439802013e-08,-3.26180116999877e-07,-0.184469455090827,-6.97743159758968e-07,-1.91807107769827e-07,1.46275288639745,-0.000326289372550389,-0.000326498596672403,-0.000326283718975456,-0.000326448561952118,0,20.312
1030,1.71325559319027e-09,1.45539614567263e-08,30.1134178990307,30.1191833390181,-1.37455681296738e-08,2.234193778782e-09,2.31282947442397,-3.6647417945322e-08,-2.71554187733377e-07,0.0544286134273653,-5.8001302447504e-07,-1.62811562980375e-07,1.46275288639745,0.000469389263574122,0.000469639395172358,0.000469393848587045,0.000469681088966262,0,20.4546
1040,1.38834120536184e-09,1.21242540682816e-08,30.1149870474758,30.1191833390181,-1.14552766204171e-08,1.82829204576242e-09,2.32745700328795,-2.96406528602723e-08,-2.26164483030469e-07,0.248697760667439,-4.82490721764876e-07,-1.38137440282528e-07,1.46275288639745,0.00100768054078487,0.00100824090576286,0.00100768426131971,0.00100827564311565,0,19.9414
1050,1.12537246299029e-09,1.01004175671269e-08,30.1179803365425,30.1191833390181,-9.54698286867295e-09,1.49684619094788e-09,2.34208453215193,-2.40022155319313e-08,-1.88412566547122e-07,0.329550686155537,-4.01917695204411e-07,-1.17071157324891e-07,1.46275288639745,0.00111154737022695,0.00111216845150182,0.00111155038752464,0.00111219739627061,0,20.3203
1060,9.12345311205254e-10,8.41398754309017e-09,30.1211250974236,30.1191833390181,-7.95539102037185e-09,1.2257643265826e-09,2.35671206101591,-1.94469560630899e-08,-1.57044782045653e-07,0.277969867963632,-3.3456658646625e-07,-9.918453559737e-08,1.46275288639745,0.000785844296307613,0.000786280938394459,0.000785846743932797,0.000786305044542706,0,19.6302
1070,7.39658991380613e-10,7.00827426315875e-09,30.1232202970508,30.1191833390181,-6.62727896904398e-09,1.00389263786065e-09,2.37133958987989,-1.5768997978524e-08,-1.30905089972035e-07,0.126796796396657,-2.78489910404333e-07,-8.40857547990372e-08,1.46275288639745,0.000196802026329973,0.000196904896488577,0.000196804010068542,0.000196924969932783,0,18.9509
1080,5.99613790882654e-10,5.83654282740963e-09,30.1235819223691,30.1191833390181,-5.5191473972731e-09,8.22249356350079e-10,2.38596711874386,-1.27859700141699e-08,-1.09111987180954e-07,-0.0569349680902124,-2.31504960804045e-07,-7.12742759023771e-08,1.46275288639745,-0.00040704639154445,-0.000407285137355258,-0.000407044785419332,-0.000407268427690364,0,20.004
1090,4.86108439800363e-10,4.86004954735423e-09,30.122248328748,30.1191833390181,-4.59525046826482e-09,6.73609977260215e-10,2.40059464760784,-1.03540022461611e-08,-9.09104190911568e-08,-0.200699413364468,-1.9225921777182e-07,-6.01869914514111e-08,1.46275288639745,-0.000796660782701834,-0.000797119293613919,-0.000796659479830406,-0.000797105384150287,0,19.1615
1100,3.9416435823848e-10,4.0465958544039e-09,30.1198929680048,30.1191833390181,-3.82568775717655e-09,5.51965662168134e-10,2.41522217647182,-8.38762364494076e-09,-7.5714657355734e-08,-0.254323030836612,-1.59593522194701e-07,-5.08127207626802e-08,1.46275288639745,-0.000846684390202148,-0.000847170004298605,-0.000846683333115743,-0.000847158425378444,0,19.8158
1110,3.19657214152987e-10,3.36922990886494e-09,30.1175068135626,30.1191833390181,-3.1851434324045e-09,4.5235746196133e-10,2.4298497053358,-6.79748240334601e-09,-6.30350173584121e-08,-0.206642180606093,-1.32570748601479e-07,-4.28656218411828e-08,1.46275288639745,-0.000572332938529612,-0.00057266183135507,-0.000572332082867679,-0.00057265218963832,0,19.8239
1120,2.59333362516714e-10,2.80530712544961e-09,30.1159928724018,30.1191833390181,-2.65220859689268e-09,3.70855755301036e-10,2.44447723419978,-5.49521309021354e-09,-5.24779833156473e-08,-0.0858230270532151,-1.10034605947094e-07,-3.61323281216973e-08,1.46275288639745,-0.000109698970002147,-0.000109764785111031,-0.000109698272500098,-0.000109756756451681,0,19.6797
1130,2.10458916784047e-10,2.33582313304951e-09,30.1158343201878,30.1191833390181,-2.20874554793303e-09,3.04327834815028e-10,2.45910476306375,-4.46261069656741e-09,-4.3690916607193e-08,0.0551936963880155,-9.14893455170503e-08,-3.0628928740838e-08,1.46275288639745,0.000347695958201417,0.000347889573504103,0.000347696522218322,0.000347896259165638,0,19.3826
1140,1.70829777733398e-10,1.94492521958471e-09,30.1169543322989,30.1191833390181,-1.83957438743208e-09,2.49819688744087e-10,2.47373229192773,-3.61021250218582e-09,-3.63806003904202e-08,0.161171561070572,-7.60564828668519e-08,-2.57885297054768e-08,1.46275288639745,0.000627806772223549,0.000628158803780704,0.000627807230869828,0.000628164370345979,0,20.322
1150,1.38747094019346e-10,1.61942095727082e-09,30.1188015169391,30.1191833390181,-1.53209015398118e-09,2.05146634166344e-10,2.48835982079171,-2.92417904093441e-09,-3.02955976258487e-08,0.195672993251197,-6.3301585693827e-08,-2.1691919499666e-08,1.46275288639745,0.000642895554304602,0.000643255939464213,0.000642895927456338,0.000643260575217451,0,19.5546
1160,1.1274085461789e-10,1.34830540742249e-09,30.1206059071235,30.1191833390181,-1.27585824247982e-09,1.68541071885093e-10,2.50298734965569,-2.37166367346646e-09,-2.52392293845849e-08,0.152907957245161,-5.26404355736263e-08,-1.83013043566435e-08,1.46275288639745,0.000414067440346649,0.000414298790475277,0.000414067744309981,0.000414302648909177,0,20.7897
1170,9.16205138171408e-11,1.12245074664092e-09,30.1216914439349,30.1191833390181,-1.06218985804452e-09,1.38445080780323e-10,2.51761487851966,-1.92844773327213e-09,-2.10241000044054e-08,0.0568029030191628,-4.38645075339367e-08,-1.55116205809029e-08,1.46275288639745,5.22203715001434e-05,5.22482584102716e-05,5.22206170114955e-05,5.22514719378977e-05,0,19.8998
1180,7.44971626795332e-11,9.34238184929739e-10,30.1217213153317,30.1191833390181,-8.84063316055245e-10,1.13881548237733e-10,2.53224240738364,-1.5570347536784e-09,-1.75282779384649e-08,-0.0510322663992243,-3.62436666710529e-08,-1.3146296421884e-08,1.46275288639745,-0.000292844010878257,-0.000293009706818695,-0.000292843809616631,-0.000293007037025208,0,18.4241
1190,6.06226421010328e-11,7.77465023240981e-10,30.1207906239893,30.1191833390181,-7.35707470046685e-10,9.37860712256451e-11,2.54686993624762,-1.26653957694679e-09,-1.45839997639943e-08,-0.12876462687982,-3.02786474540976e-08,-1.10809077639454e-08,1.46275288639745,-0.000492742833726515,-0.000493020347029196,-0.00049274267006703,-0.000493018123945727,0,19.2031
1200,4.93384600000863e-11,6.46985602874396e-10,30.1193470267454,30.1191833390181,-6.12139902360429e-10,7.72352263432216e-11,2.5614974651116,-1.02942131861031e-09,-1.21425102191915e-08,-0.150116665443148,-2.51529930958524e-08,-9.26686140113858e-09,1.46275288639745,-0.000486704195876369,-0.000486977918272676,-0.000486704062242543,-0.000486976069110025,0,19.6504
1210,4.0149989461528e-11,5.38378030717906e-10,30.11798653338,30.1191833390181,-5.09331507472637e-10,6.35667962531098e-11,2.57612499397558,-8.39892451001906e-10,-1.01038956427103e-08,-0.112708164744551,-2.0822327828079e-08,-7.72180452187489e-09,1.46275288639745,-0.000297709373972243,-0.000297876841161175,-0.000297709265914073,-0.000297875303201478,0,18.5873
1220,3.26748122586759e-11,4.48037433943265e-10,30.1172138481608,30.1191833390181,-4.23873246475368e-10,5.22578824306467e-11,2.59075252283955,-6.80696636637572e-10,-8.40088081293248e-09,-0.036561078400194,-1.73465830996242e-08,-6.41130413696432e-09,1.46275288639745,-1.5456531291349e-05,-1.54657836796477e-05,-1.54564428753854e-05,-1.54645018979049e-05,0,18.3277
1230,2.66017182940467e-11,3.72864034638272e-10,30.1172611592357,30.1191833390181,-3.52774384480433e-10,4.2952189712587e-11,2.60538005170353,-5.54513763433248e-10,-6.99718533240974e-09,0.0457006001201091,-1.43350496650171e-08,-5.45013697206947e-09,1.46275288639745,0.000244183163700217,0.000244319083220202,0.000244183234872971,0.000244320149205658,0,18.9671
1240,2.16828336164292e-11,3.10268657514236e-10,30.1180279608402,30.1191833390181,-2.9364659838264e-10,3.53937252214588e-11,2.62000758056751,-4.45620162614437e-10,-5.8243560499011e-09,0.102431990866847,-1.18207216741631e-08,-4.60624351871541e-09,1.46275288639745,0.000385552702239093,0.000385767369040957,0.000385552760719923,0.000385768255508877,0,19.7848
1250,1.77208198093382e-11,2.58181681173425e-10,30.1191525115443,30.1191833390181,-2.44451975886495e-10,2.92320502955734e-11,2.63463510943149,-3.59672556651446e-10,-4.84467576171735e-09,0.114812710165886,-9.86503677522173e-09,-3.90985336312893e-09,1.46275288639745,0.000367276430677446,0.000367480661562334,0.000367276480086445,0.000367481399049303,0,20.0889
1260,1.446708389267e-11,2.14863516275973e-10,30.1201746570848,30.1191833390181,-2.03429189006709e-10,2.42086873563941e-11,2.64926263829546,-3.01480027769837e-10,-4.02833036287577e-09,0.0826501583542428,-8.30371723299235e-09,-3.3769382584356e-09,1.46275288639745,0.000212364830620067,0.000212482660246318,0.000212364867086864,0.000212483274719732,0,18.5035
1270,1.18746885186708e-11,1.78821919467512e-10,30.1207192921068,30.1191833390181,-1.6930030954691e-10,2.00553189525157e-11,2.66389016715944,-2.25241356545203e-10,-3.35410965395099e-09,0.0225653512814567,-6.82385072256026e-09,-2.56411633892498e-09,1.46275288639745,-6.99187512470372e-06,-6.99599044664386e-06,-6.99183988621491e-06,-6.9954786872417e-06,0,19.5242
1280,9.77792266841619e-12,1.48796013161601e-10,30.120629183757,30.1191833390181,-1.40855497682832e-10,1.65768957756067e-11,2.67851769602342,-2.00741709537292e-10,-2.79607114158354e-09,-0.0399731303482131,-5.64830813862231e-09,-2.36819626301941e-09,1.46275288639745,-0.000201601644321833,-0.000201713681680798,-0.000201601618582443,-0.000201713257487519,0,18.7746
1290,8.01444178811887e-12,1.23820570245237e-10,30.120002260758,30.1191833390181,-1.17228461214939e-10,1.37488565704904e-11,2.6931452248874,-1.57406270570024e-10,-2.31959664018204e-09,-0.0811392924772679,-4.7321707636543e-09,-1.88209350841332e-09,1.46275288639745,-0.000300585092873643,-0.00030075182929008,-0.000300585070085595,-0.000300751474725933,0,19.9916
1300,6.5800242958755e-12,1.03051962399358e-10,30.1191289911742,30.1191833390181,-9.75908398515704e-11,1.13664645568265e-11,2.70777275375138,-1.33909819212883e-10,-1.93444486771615e-09,-0.0875629216390284,-3.93928085950186e-09,-1.62883494964359e-09,1.46275288639745,-0.000276242209773141,-0.000276395264444482,-0.00027624219130988,-0.000276394969821984,0,17.926
1310,5.36199189463333e-12,8.5745377856914e-11,30.118363491275,30.1191833390181,-8.11993581559337e-11,9.40510870412473e-12,2.72240028261535,-1.13371693282191e-10,-1.61048093643829e-09,-0.0603192012814621,-3.30355623314535e-09,-1.40916116641053e-09,1.46275288639745,-0.000150164796904455,-0.00015024794391243,-0.000150164783177596,-0.000150247699513065,0,20.6239
1320,4.37499406580867e-12,7.13645629057747e-11,30.1179835813849,30.1191833390181,-6.75859213355761e-11,7.75335296499025e-12,2.73702781147933,-8.70915545708451e-11,-1.33520249544324e-09,-0.013073060274783,-2.78986994268099e-09,-1.05100793345482e-09,1.46275288639745,1.98507619089199e-05,1.98616219824107e-05,1.98507744367689e-05,1.98618268429034e-05,0,19.4473
1330,3.57601895214791e-12,5.93942798049509e-11,30.1180936740185,30.1191833390181,-5.62191114422188e-11,6.38220551338196e-12,2.75165534034331,-7.51494444126527e-11,-1.11675083519232e-09,0.0343409434222036,-2.27899899829898e-09,-9.43691436581379e-10,1.46275288639745,0.000165250338235161,0.000165341375902562,0.000165250347501015,0.000165341545622213,0,20.0949
1340,2.91733674887615e-12,4.94036227686769e-11,30.1186028521896,30.1191833390181,-4.67751669233818e-11,5.28511270454226e-12,2.76628286920729,-5.8501265170256e-11,-9.29628005763828e-10,0.0640236496524194,-1.93559284249846e-09,-7.2671381990091e-10,1.46275288639745,0.000233677878037732,0.000233806471874006,0.000233677886217378,0.000233806613953029,0,19.484
1350,2.38684518610413e-12,4.10521159595933e-11,30.1192788557733,30.1191833390181,-3.88738837657121e-11,4.33832000269521e-12,2.78091039807126,-4.92004294192868e-11,-7.81114849081619e-10,0.0665692801692686,-1.59638605198262e-09,-6.96233830365687e-10,1.46275288639745,0.000207094139402351,0.000207207939039471,0.0002070941462298,0.000207208056947333,0,19.3053
1360,1.93294474705587e-12,3.40265647207857e-11,30.1198499391034,30.1191833390181,-3.22188976588988e-11,3.61034973429047e-12,2.79553792693524,-4.28478430672968e-11,-6.57918324347438e-10,0.0437551137767431,-1.32097856274726e-09,-6.58713914005143e-10,1.46275288639745,0.000105108664468092,0.000105166323434127,0.000105108669367368,0.000105166419446907,0,20.8696
1370,1.55744704226963e-12,2.8160199912826e-11,30.1201113266813,30.1191833390181,-2.66452231924599e-11,2.98409764454161e-12,2.81016545579922,-3.32583310488564e-11,-5.43698286858831e-10,0.00674092261143862,-1.14030922338234e-09,-5.20575226636004e-10,1.46275288639745,-2.62218075068724e-05,-2.62362161629117e-05,-2.62218033323778e-05,-2.62361365852999e-05,0,18.9298
1380,1.25904513992176e-12,2.33092628470933e-11,30.1199956625308,30.1191833390181,-2.20112545122678e-11,2.46943717052725e-12,2.8247929846632,-2.7215051057573e-11,-4.4997843626983e-10,-0.0290856447438736,-8.99475762215931e-10,-3.86391679014909e-10,1.46275288639745,-0.000134423366649998,-0.00013449699089417,-0.000134423363755736,-0.000134496925245776,0,19.5131
1390,1.03368608304844e-12,1.93021355149619e-11,30.1195845482132,30.1191833390181,-1.8231125751502e-11,1.99219913890613e-12,2.83942051352718,-1.85704336121218e-11,-3.70766145003914e-10,-0.0503355030044013,-7.51017245091206e-10,-2.31077768404226e-10,1.46275288639745,-0.000181027633625744,-0.000181126644819932,-0.000181027630015051,-0.000181126589957235,0,18.9573
1400,8.41049790374243e-13,1.59848567620191e-11,30.1190627699915,30.1191833390181,-1.50646724953305e-11,1.59842861444746e-12,2.85404804239115,-2.05320422659765e-11,-3.08799544151538e-10,-0.0504639502881339,-6.70162975863139e-10,-2.97565745141405e-10,1.46275288639745,-0.000154663127258222,-0.000154747613705521,-0.0001546631259143,-0.000154747568376941,0,18.7064
1410,6.87212409059208e-13,1.32233590196151e-11,30.1186382329469,30.1191833390181,-1.24278066567425e-11,1.31682457918684e-12,2.86867557125513,-1.06034922263017e-11,-2.56832649949534e-10,-0.0315498314865594,-5.62456215035708e-10,-2.4473058700778e-10,1.46275288639745,-7.26203711541555e-05,-7.26599990256184e-05,-7.26203698264013e-05,-7.26599605075305e-05,0,20.0081
1420,6.18068705851579e-13,1.08859712233486e-11,30.1184612295089,30.1191833390181,-1.02533561360661e-11,1.14104545719397e-12,2.88330310011911,-3.22991712263093e-12,-2.21904772267096e-10,-0.00264443702624632,-2.91192084803547e-10,-2.93265977186831e-10,1.46275288639745,2.85500552620492e-05,2.85655880786495e-05,2.85500576070209e-05,2.85656166263273e-05,0,20.7575
1430,5.76860258136231e-13,8.97220048172845e-12,30.1185735574315,30.1191833390181,-8.44262241357384e-12,1.04783754830885e-12,2.89793062898309,-4.88186495486717e-12,-1.70012916337261e-10,0.0243441936666692,-3.84248090763054e-10,-2.30350650195802e-10,1.46275288639745,0.000108764461403774,0.000108823595627697,0.00010876446272349,0.000108823621939837,0,18.9005
1440,5.51494410049205e-13,7.42402955388861e-12,30.1189036859555,30.1191833390181,-6.98069596533446e-12,9.52209914284284e-13,2.91255815784706,-6.56926958711876e-15,-1.47065859608353e-10,0.0394311216335444,-1.51619096667573e-10,-1.78415042522783e-10,1.46275288639745,0.000139884586464683,0.000139960534521651,0.000139884588014722,0.000139960554174701,0,20.4965
1450,5.66442115182382e-13,6.15604216620815e-12,30.1193051588589,30.1191833390181,-5.78971619227641e-12,9.17669255982404e-13,2.92718568671104,3.17361702381866e-12,-1.12511155550393e-10,0.038126928725925,-1.27839453336067e-10,-7.74993355721885e-11,1.46275288639745,0.000115126036674281,0.000115188449088566,0.0001151260391824,0.0001151884663595,0,20.2206
1460,5.80546108153787e-13,5.16604825855196e-12,30.1196193828867,30.1191833390181,-4.88521118504778e-12,8.51010361754999e-13,2.94181321557502,-2.1081873226623e-13,-9.01594417455614e-11,0.0225761418321506,-8.81521652592407e-11,-6.23710977088414e-11,1.46275288639745,4.94597011218102e-05,4.94864736350504e-05,4.94597036475425e-05,4.94864874230924e-05,0,19.1627
1470,5.60769619520607e-13,4.40603606851894e-12,30.1197366547725,30.1191833390181,-4.17679975186844e-12,8.00772245974349e-13,2.956440744439,-3.81613743133531e-12,-6.53938364448946e-11,7.88525912681113e-05,-1.6319485660001e-10,-4.24250506799671e-11,1.46275288639745,-2.82299457056669e-05,-2.82452100769988e-05,-2.82299444415826e-05,-2.82451963578381e-05,0,19.3353
1480,5.49400610849445e-13,3.80407272650705e-12,30.1196325950134,30.1191833390181,-3.57117430544434e-12,7.60206506530413e-13,2.97106827330298,1.51295019278104e-12,-5.78740270879261e-11,-0.0201817427013347,-5.74531466581702e-12,-4.23486609582755e-11,1.46275288639745,-8.74373025289231e-05,-8.74845058052731e-05,-8.74373003940484e-05,-8.74844947113078e-05,0,19.9566
1490,5.57593764208704e-13,3.29756671539686e-12,30.119368739322,30.1191833390181,-3.10256514468018e-12,7.73634159398833e-13,2.98569580216695,2.92125259899838e-13,-4.57891683283133e-11,-0.0307912135739382,1.38413312372264e-11,-5.32743812761368e-11,1.46275288639745,-0.000107698590614435,-0.000107756651157434,-0.000107698589163059,-0.000107756642037512,0,17.7825
1500,5.80505726316844e-13,2.92285055731554e-12,30.1190606798255,30.1191833390181,-2.81771361939471e-12,7.42268795530829e-13,3.00032333103093,4.38231002871012e-12,-3.08461062873751e-11,-0.0287211333634997,-4.31939257123606e-11,8.28609783429933e-11,1.46275288639745,-8.52962678209082e-05,-8.53421872851135e-05,-8.52962633441335e-05,-8.53421780210597e-05,0,19.687
1510,5.35186741937594e-13,2.64763811798616e-12,30.1188290324839,30.1191833390181,-2.51671055856025e-12,6.50444361646083e-13,3.01495085989491,-1.36245077059126e-11,-2.55103318227217e-11,-0.0160295331866964,-1.06487258067694e-10,-1.0480235131607e-10,1.46275288639745,-3.29762439503217e-05,-3.29939761158303e-05,-3.29762434929647e-05,-3.29939669053169e-05,0,19.8393
1520,4.47747595506018e-13,2.39344538491152e-12,30.1187534452746,30.1191833390181,-2.2556703089443e-12,6.4891125928041e-13,3.02957838875889,-4.10608663009765e-12,-2.66355641545173e-11,0.00142717432775096,-1.58057383062623e-11,-4.06455614799516e-11,1.46275288639745,2.65158392154727e-05,2.65300662654865e-05,2.65158404415159e-05,2.65300733269837e-05,0,19.0029
1530,4.19177465475894e-13,2.17342994373899e-12,30.1188466871579,30.1191833390181,-2.05288160461504e-12,6.00167946009622e-13,3.04420591762287,-1.78514485107125e-12,-1.83661548767134e-11,0.016585499757756,2.81271759543787e-11,6.74354550324452e-11,1.46275288639745,7.00212183437179e-05,7.00587397908651e-05,7.0021220684164e-05,7.00587464115935e-05,0,18.6557
1540,3.69199414641909e-13,2.02651081151221e-12,30.1190565717781,30.1191833390181,-2.01582298659575e-12,5.05193039762407e-13,3.05883344648684,-8.53127214032708e-12,-1.1623789620611e-11,0.0239606926077367,-9.56584218729466e-12,3.17416843729574e-11,1.46275288639745,8.27450907069878e-05,8.27893618474424e-05,8.27450916398702e-05,8.27893686655132e-05,0,19.5252
1550,2.95339803179732e-13,1.92288672287457e-12,30.1192921862867,30.1191833390181,-1.98811736280862e-12,3.85974514280435e-13,3.07346097535082,-6.73119173702093e-12,-9.64701479321992e-12,0.0215561579890637,-6.76330587507797e-11,1.17890317807817e-10,1.46275288639745,6.29928008916632e-05,6.30264522231074e-05,6.29928036346418e-05,6.3026459180762e-05,0,19.3239
1560,1.60923154371868e-13,1.82086143162397e-12,30.119462080036,30.1191833390181,-1.8497954202837e-12,1.68522692996524e-13,3.0880885042148,-2.07997094387478e-11,-1.13868857119746e-11,0.0112645175628493,-2.13810022304711e-10,-4.66981267847301e-11,1.46275288639745,2.14867943490643e-05,2.14982524797588e-05,2.14867938496718e-05,2.14982607639783e-05,0,20.5161
1570,-1.6237770927149e-14,1.63561161692259e-12,30.119508803537,30.1191833390181,-1.58078885612216e-12,2.9202435719291e-14,3.10271603307878,-1.53043676149136e-11,-2.66688608947437e-11,-0.0022384058215511,-5.53585930170815e-11,-1.27219564471041e-10,1.46275288639745,-2.39292004021414e-05,-2.39419458947036e-05,-2.3929202022653e-05,-2.39419421238918e-05,0,19.8851
1580,-1.17747696668201e-13,1.43732498600388e-12,30.1194271431234,30.1191833390181,-1.36568780702918e-12,-3.74684212127699e-14,3.11734356194275,-5.36505971205478e-12,-1.39952516237371e-11,-0.0135372593405511,-9.01669459036435e-11,-1.63527956559868e-11,1.46275288639745,-5.57356961011586e-05,-5.57653373772728e-05,-5.57356975208956e-05,-5.57653324039077e-05,0,19.6787
1590,-1.35615289564571e-13,1.29833090540548e-12,30.1192608221026,30.1191833390181,-1.21352509326353e-12,-5.31946319368945e-14,3.13197109080673,1.75217966531272e-12,-1.45000331389688e-11,-0.0185934938396654,-1.703888161076e-11,6.2747483239535e-12,1.46275288639745,-6.33100352146032e-05,-6.3343653117099e-05,-6.33100354820698e-05,-6.33436496316776e-05,0,19.8571
1600,-1.25767805971197e-13,1.19144902957791e-12,30.1190810827871,30.1191833390181,-1.10511096384586e-12,-8.76085110701337e-14,3.14659861967071,2.88058609008076e-13,-7.37281731416872e-12,-0.016129429461114,2.07779040272181e-12,-2.89957207888941e-11,1.46275288639745,-4.62372368595744e-05,-4.62617540296233e-05,-4.62372388000732e-05,-4.62617500533316e-05,0,19.9589
1610,-6.61791617476221e-14,1.12540881036524e-12,30.118957049149,30.1191833390181,-1.07973622266609e-12,-8.52858706682652e-15,3.16122614853469,1.19295791850196e-11,-6.00172277933826e-12,-0.00783202346887293,9.58851750058614e-11,-2.50292133145183e-12,1.46275288639745,-1.34388808397413e-05,-1.34459973114057e-05,-1.34388802508804e-05,-1.34459937956358e-05,0,19.5011
1620,2.71315526530551e-14,1.08223243068633e-12,30.1189298729119,30.1191833390181,-1.09266107940587e-12,9.23305378662445e-14,3.17585367739867,7.15417646143683e-12,-2.70480126515459e-12,0.00258186711791045,4.7858806776283e-11,-4.18049458450832e-11,1.46275288639745,2.11316834131398e-05,2.11428486560426e-05,2.11316833967303e-05,2.11428522317842e-05,0,18.8464
1630,1.06338696430633e-13,1.06527271407251e-12,30.1190000327842,30.1191833390181,-1.03680685678232e-12,1.511075574063e-13,3.19048120626264,9.07131187375609e-12,-7.61256445811441e-13,0.0109717461824044,-3.28583093730374e-11,2.65645371558135e-12,1.46275288639745,4.4258881472831e-05,4.42822321057259e-05,4.42588824812434e-05,4.42822370572913e-05,0,19.0565
1640,1.76844155255878e-13,1.0146739012676e-12,30.1191312528852,30.1191833390181,-9.86788756797844e-13,2.46622906172318e-13,3.20510873512662,5.39684161904736e-12,-9.60502409874952e-12,0.0143777365821182,6.3955251809893e-11,-8.32260515421432e-11,1.46275288639745,4.83748746303748e-05,4.84003574649103e-05,4.83748755475871e-05,4.84003596279217e-05,0,20.0353
1650,2.21525878637876e-13,9.70483940127828e-13,30.1192678877275,30.1191833390181,-9.10532797745655e-13,3.19528688533277e-13,3.2197362639906,3.78922199121671e-12,5.88679387701646e-13,0.0120178073470155,3.936917661384e-11,-2.26693134350314e-11,1.46275288639745,3.38440372680966e-05,3.38618358653455e-05,3.38440375362373e-05,3.38618393454763e-05,0,19.9179
1660,2.81157161152117e-13,9.76436610792101e-13,30.1193578588894,30.1191833390181,-9.45504890083848e-13,3.77876794889702e-13,3.23436379285458,8.36544217472542e-12,7.43790875810284e-13,0.00536306167121591,1.40131960514133e-10,6.16639676389563e-11,1.46275288639745,8.02546495122134e-06,8.02967952303711e-06,8.02546662353814e-06,8.02968184998316e-06,0,20.4118
1670,3.43203679132172e-13,1.0282096772404e-12,30.1193719336151,30.1191833390181,-1.064018578637e-12,3.81768619946271e-13,3.24899132171855,4.24912641072419e-12,9.9426878084715e-12,-0.00264419219913101,1.14066544435263e-11,1.00593051561472e-10,1.46275288639745,-1.82072829579329e-05,-1.82168278545157e-05,-1.82072801504087e-05,-1.82168228513394e-05,0,19.3725
1680,3.2828586218737e-13,1.08104222974534e-12,30.1193124451071,30.1191833390181,-1.116341972483e-12,3.41820582317431e-13,3.26361885058253,-7.32491399293107e-12,8.50743413345946e-13,-0.00884820161842664,-1.66137928376549e-11,-8.60919149937014e-11,1.46275288639745,-3.49203497716758e-05,-3.49386280742605e-05,-3.49203499515819e-05,-3.49386237259215e-05,0,19.2391
1690,3.02638481413774e-13,1.07215212174105e-12,30.1192092314242,30.1191833390181,-1.06733947728314e-12,3.51369157807609e-13,3.27824637944651,2.15431980049736e-12,-2.66754285561655e-12,-0.0110912004803071,6.94895675371346e-12,-6.41127385508889e-12,1.46275288639745,-3.67705243601994e-05,-3.67897397755104e-05,-3.67705235104782e-05,-3.67897357098375e-05,0,20.4755
1700,3.34413227608529e-13,1.03519029473706e-12,30.1191056123575,30.1191833390181,-1.06605422182173e-12,3.28096835244449e-13,3.29287390831049,4.3126876521717e-12,-4.88432704421407e-12,-0.00892650409536685,-1.04498853715763e-11,-5.87099195961675e-12,1.46275288639745,-2.45576380873035e-05,-2.4570450964812e-05,-2.45576353795597e-05,-2.45704459800268e-05,0,20.3818
1710,3.21183865138796e-13,9.35769441559198e-13,30.119040695271,30.1191833390181,-9.13202583907253e-13,3.56946410514256e-13,3.30750143717447,-6.85960095999779e-12,-1.5436542053846e-11,-0.00361458800111275,1.53797997149382e-11,-1.80574265889121e-10,1.46275288639745,-4.30424904023039e-06,-4.30649274185417e-06,-4.30424907822826e-06,-4.30649036458394e-06,0,19.079
1720,2.93152523598768e-13,8.11773297260825e-13,30.1190350519019,30.1191833390181,-8.00154311068306e-13,3.87826517801129e-13,3.32212896603844,1.25379361359866e-12,-9.91238198692248e-12,0.00252423052122931,4.72345725134284e-11,-1.41939510545654e-11,1.46275288639745,1.55417045754262e-05,1.55497851698818e-05,1.5541707000977e-05,1.55497866380863e-05,0,18.7815
1730,2.53600225880377e-13,7.63564271104401e-13,30.1190848283223,30.1191833390181,-7.46739039344248e-13,3.35939188193969e-13,3.33675649490242,-9.34784334537896e-12,3.27743540982011e-14,0.00709162920741784,-5.33443724916017e-11,2.1305317356595e-11,1.46275288639745,2.75373280049956e-05,2.75516202175155e-05,2.7537328554206e-05,2.75516227241454e-05,0,19.0644
1740,1.69605957509268e-13,7.73336669691613e-13,30.1191656599666,30.1191833390181,-7.41888684329387e-13,2.14403896975938e-13,3.3513840237664,-7.84182013911948e-12,1.91108259476304e-12,0.00852360928196806,-3.98168447651947e-11,4.16819521940017e-11,1.46275288639745,2.7950388405219e-05,2.79648698136126e-05,2.79503881269866e-05,2.79648731537312e-05,0,19.4834
1750,1.21593737481501e-13,7.72188837918281e-13,30.1192439270136,30.1191833390181,-7.53284501716039e-13,1.43159311205583e-13,3.36601155263038,-1.98508283735361e-12,-2.19718988508543e-12,0.00659619620003901,1.41464182081888e-11,4.91530679098021e-11,1.46275288639745,1.77926717171565e-05,1.78018750880977e-05,1.77926725603845e-05,1.78018778051179e-05,0,19.2116
1760,8.54067201357629e-14,7.51565115523808e-13,30.1192903653116,30.1191833390181,-7.23662013157497e-13,9.93963932178536e-14,3.38063908149435,-5.44369655632e-12,-2.02918533837878e-12,0.00237480106965368,2.98673817073441e-11,-4.09786333028019e-11,1.46275288639745,1.96010332013073e-06,1.96111444528844e-06,1.96010249064519e-06,1.96111692684818e-06,0,20.0526
1770,7.1432337835628e-14,7.38240768211414e-13,30.1192906626061,30.1191833390181,-7.19965411342316e-13,1.29546766510012e-13,3.39526661035833,2.65460924420065e-12,-6.24785438683199e-13,-0.00231751897186499,8.45088220670247e-11,3.01908634521006e-11,1.46275288639745,-1.30049846674618e-05,-1.30116892418556e-05,-1.30049841958182e-05,-1.30116871069753e-05,0,18.8991
1780,9.13862437013089e-14,7.51153863704107e-13,30.1192493485074,30.1191833390181,-7.66784808011331e-13,1.24795208368585e-13,3.40989413922231,1.3499779822734e-12,3.31260160730629e-12,-0.00566386438164326,2.96039515717124e-11,6.42639486574909e-11,1.46275288639745,-2.15467050113031e-05,-2.15577945934388e-05,-2.15467042588881e-05,-2.15577913738983e-05,0,19.3326
1790,8.98048476115507e-14,7.66119599318445e-13,30.1191861875374,30.1191833390181,-7.77016622836988e-13,1.0400800909452e-13,3.42452166808629,-1.7591786701754e-12,-2.07331305916532e-13,-0.00653798660595242,6.47829145545981e-11,-5.35315072764992e-12,1.46275288639745,-2.10912088434939e-05,-2.11020449940442e-05,-2.10912084007909e-05,-2.11020434337983e-05,0,19.9176
1800,6.67785161299986e-14,8.09192813395313e-13,30.1191271908286,30.1191833390181,-8.07857515166297e-13,1.08465701691253e-13,3.43914919695027,-2.98434017252441e-12,9.02156766157511e-12,-0.00485939145772177,-1.41992635885887e-11,1.22073111655016e-13,1.46275288639745,-1.27168237928371e-05,-1.27233485382535e-05,-1.27168247281297e-05,-1.27233444591879e-05,0,19.5537
1810,8.01592709888372e-14,8.58232483556131e-13,30.119094177907,30.1191833390181,-9.1385837129096e-13,1.14373570280035e-13,3.45377672581424,5.7308579672301e-12,1.05627505187411e-12,-0.00151833064473633,1.12877163799952e-10,5.422778502608e-11,1.46275288639745,-3.79485558235284e-07,-3.79680859791704e-07,-3.79483552822595e-07,-3.79677777178123e-07,0,20.0601
1820,7.44292806933442e-14,8.68604758204665e-13,30.1190969708456,30.1191833390181,-9.30614940127265e-13,1.5172960232121e-13,3.46840425467822,-6.84259127466099e-12,1.12106945688775e-12,0.00205772979054445,1.84604156138263e-11,-8.96959635543097e-11,1.46275288639745,1.08690498968023e-05,1.08746030371118e-05,1.08690499375559e-05,1.08746052059014e-05,0,19.7548
1830,1.12595919121868e-14,9.1697750898146e-13,30.1191308993409,30.1191833390181,-9.03351629014835e-13,1.21777499352392e-13,3.4830317835422,-6.04924226844027e-12,8.77503877132732e-12,0.00449656288401626,-8.83719833519502e-11,3.05016399927293e-11,1.46275288639745,1.6896745625934e-05,1.69053625380567e-05,1.68967451678697e-05,1.69053671505691e-05,0,19.6335
1840,-3.27234141521132e-14,9.58504664779618e-13,30.1191800224983,30.1191833390181,-9.57253312047638e-13,4.96294721108453e-14,3.49765931240618,-2.99088646052821e-12,-2.73388166532935e-13,0.0049930986119781,5.48677638944218e-11,6.24846240433864e-11,1.46275288639745,1.59568469609879e-05,1.59649713072346e-05,1.59568473298616e-05,1.5964974204567e-05,0,19.725
1850,-8.19962314268229e-14,9.76189356424424e-13,30.1192242761441,30.1191833390181,-9.9775309879705e-13,-4.66868072254242e-14,3.51228684127016,-7.17553836414467e-12,3.8697258571017e-12,0.0035558524689919,2.27625251965089e-13,4.15111388337035e-11,1.46275288639745,9.10613451137594e-06,9.11076114856657e-06,9.10613370760295e-06,9.11076495118153e-06,0,18.7879
1860,-1.36763675095528e-13,1.00516748313024e-12,30.1192474545789,30.1191833390181,-1.06242748920667e-12,-1.33000503155511e-13,3.52691437013413,-4.20433710169961e-12,2.05350939409692e-12,0.000921701889014877,-6.90895716837615e-11,8.55300538850655e-11,1.46275288639745,-4.76208957896827e-07,-4.76452527374983e-07,-4.7620839389854e-07,-4.76447349181836e-07,0,19.6059
1870,-2.20285100332609e-13,9.66741379286693e-13,30.11924293275,30.1191833390181,-9.93376257182082e-13,-1.67569325631863e-13,3.54154189899811,-1.28700751653496e-11,-9.97947618216898e-12,-0.00179540131110768,-4.86132621788913e-11,-9.74236587512689e-11,1.46275288639745,-8.90134843328757e-06,-8.90585893258888e-06,-8.90135038095719e-06,-8.90585574391357e-06,0,20.8692
1880,-3.11204567683934e-13,8.73274197579568e-13,30.1192151989121,30.1191833390181,-8.6907906529981e-13,-2.43410488256584e-13,3.55616942786209,-5.65859830427817e-12,-9.19429055008382e-12,-0.00356249151837992,6.51662911539591e-12,1.56124974632477e-11,1.46275288639745,-1.31087368022498e-05,-1.31153657590382e-05,-1.31087382161594e-05,-1.31153631560986e-05,0,18.8993
1890,-3.58714557864679e-13,7.97466135890782e-13,30.1191770421419,30.1191833390181,-8.00599480143846e-13,-2.81296249560022e-13,3.57079695672607,-4.10575935416104e-12,-6.27388299296226e-12,-0.00380894592157666,1.70492078280555e-11,3.74960768574298e-11,1.46275288639745,-1.1936727882762e-05,-1.19427535990437e-05,-1.19367292893184e-05,-1.19427508549375e-05,0,19.7546
1900,-3.97255571147764e-13,7.36383850426028e-13,30.1191438931196,30.1191833390181,-8.12581692254403e-13,-3.7948187058003e-13,3.58542448559004,-3.85090601303653e-12,-6.23914661337935e-12,-0.00259507299521245,1.00221354034812e-11,3.57342188016419e-11,1.46275288639745,-6.36930154667446e-06,-6.37251143983449e-06,-6.36930213705946e-06,-6.37250912682812e-06,0,18.9955
1910,-4.69017717025441e-13,6.83737448609722e-13,30.1191277390299,30.1191833390181,-7.45694306982087e-13,-4.19113863752527e-13,3.600052014454,-1.07666404833911e-11,-4.53676150641891e-12,-0.000525794743502547,-1.04533230425527e-10,-6.64575804606472e-11,1.46275288639745,1.05119356786152e-06,1.05171864643422e-06,1.05119053588448e-06,1.05172185055182e-06,0,18.3042
1920,-5.30616011594113e-13,6.08118426292273e-13,30.119132950186,30.1191833390181,-6.4680913663665e-13,-5.08747193812031e-13,3.61467954331796,-1.83255939712976e-12,-1.10417639354297e-11,0.00153235240291992,-3.16956280270574e-11,1.38240724512838e-11,1.46275288639745,7.33980916562472e-06,7.34349061746078e-06,7.3398078665263e-06,7.34349251763943e-06,0,18.6731
1930,-5.73165754787878e-13,5.04041132405045e-13,30.1191553995872,30.1191833390181,-5.37528483267306e-13,-5.99196469964639e-13,3.62930707218193,-6.84586376386648e-12,-1.03971233954082e-11,0.002804360101457,-1.49597947465061e-10,-4.29818886804017e-11,1.46275288639745,1.02392719263736e-05,1.02443972833434e-05,1.02392685729662e-05,1.02444003220347e-05,0,19.9443
1940,-5.9571215653517e-13,3.49466035398806e-13,30.1191848756083,30.1191833390181,-3.7750939447838e-13,-6.31217978244159e-13,3.64393460104589,2.34995169026778e-12,-2.13193543593104e-11,0.00288978430985861,5.25218736925402e-12,-8.55266293712406e-11,1.46275288639745,8.997863423203e-06,9.00236056515317e-06,8.99786115378779e-06,9.00236080618277e-06,0,19.7114
1950,-5.66893417609396e-13,1.66093199709619e-13,30.1192095460579,30.1191833390181,-1.59200899116044e-13,-5.55270198358514e-13,3.65856212990985,3.73630770317172e-12,-1.62356732533888e-11,0.00187600039961824,-1.36525717761995e-11,-1.18606340465459e-10,1.46275288639745,4.50114854782007e-06,4.50339397865179e-06,4.50114640579595e-06,4.50339334238361e-06,0,18.6113
1960,-5.24480952334195e-13,4.38076774021238e-14,30.1192205834045,30.1191833390181,-1.0679958689907e-14,-5.09327408313998e-13,3.67318965877381,5.07061658751172e-12,-8.82015673743325e-12,0.000256084596614495,-3.48086978104034e-11,-8.25223310864862e-11,1.46275288639745,-1.22700623206191e-06,-1.227618078134e-06,-1.2270086002643e-06,-1.22761851278988e-06,0,19.3066
1970,-4.53606055774299e-13,-2.52536341602823e-14,30.1192151907684,30.1191833390181,5.01952131571986e-14,-4.10527873615029e-13,3.68781718763777,9.45028275343834e-12,-5.30157864913249e-12,-0.00129801262206635,1.97503187207166e-11,-5.32681602889456e-11,1.46275288639745,-5.90234017910166e-06,-5.90527425035542e-06,-5.90234186715382e-06,-5.90527538656054e-06,0,19.7953
1980,-3.53332006040458e-13,-4.09022249467982e-14,30.1191970488206,30.1191833390181,3.46778833253511e-14,-3.49912359099564e-13,3.70244471650173,1.10617547873615e-11,2.19217764659947e-12,-0.0022068807682908,2.5173044518619e-11,3.18586711027661e-11,1.46275288639745,-7.86780889460795e-06,-7.87171240439463e-06,-7.86780946459675e-06,-7.87171276757028e-06,0,19.0858
1990,-2.63955458823828e-13,-9.74904053801344e-15,30.1191742750118,30.1191833390181,4.26429338870107e-14,-2.43032316712585e-13,3.7170722453657,7.23353247327341e-12,4.15555213849839e-12,-0.00219281454539059,3.48380396144417e-11,-5.37925977231351e-11,1.46275288639745,-6.65523581047882e-06,-6.65853179662926e-06,-6.6552369068178e-06,-6.65853206024144e-06,0,19.3775
2000,-1.82939775382328e-13,4.19861655337437e-14,30.1191559153795,30.1191833390181,9.87058747584609e-15,-1.64712484315815e-13,3.73169977422966,9.29631565734247e-12,6.44882550334231e-12,-0.00135413168040949,5.25181666551342e-11,-4.29667522887563e-13,1.46275288639745,-6.65523581047882e-06,-6.65853179662926e-06,-6.6552369068178e-06,-6.65853206024144e-06,NaN,NaN
