Time,x,y,z,alpha,beta,gamma,vx,vy,vz,valpha,vbeta,vgamma,target_z,u1,u2,u3,u4,mass_multiplier
0,0.0001,0.0001,0.030619179,0,0,0,0,0,0,0,0,0,0.030119179,-0.199574664,-0.192630678,0.115915284,0.125386924,0.748
0.01,0.00010181,0.000101692,0.030659742,-0.000887027,0.000887329,-6.50E-09,0.0004643,0.000440212,0.007770684,1.730955437,-1.727310108,-1.90E-06,0.030119179,0.058398552,0.225587726,0.173146099,0.155274451,0.748
0.02,0.000117514,0.000126164,0.030724983,-0.002729199,0.002745742,2.56E-06,0.002930758,0.004742121,0.004733953,1.136083057,-1.404987507,0.000390172,0.030119179,-0.222178817,-0.185007453,0.281692147,0.308799028,0.748
0.03,0.000143299,0.000173192,0.030767932,-0.004070638,0.003933886,2.14E-06,0.002451867,0.004992477,0.003501078,0.069862581,-0.091605502,5.27E-05,0.030119179,-0.528369904,-0.57518667,0.482615978,0.64691627,0.748
0.04,0.000144724,0.000196383,0.030798102,-0.004422763,0.003680249,2.84E-06,-0.002185024,-0.000221985,0.002285338,-0.063346604,0.604136862,-0.001335511,0.030119179,-0.432183027,-0.559097052,0.191141203,0.164461106,0.748
0.05,0.000116673,0.000192594,0.030840573,-0.003825538,0.002275415,1.90E-06,-0.003680328,-0.000612121,0.005854781,-0.936345674,1.201585254,-0.001344916,0.030119179,-0.376294851,-0.54659915,0.110450722,0.443093777,0.748
0.06,7.49E-05,0.000171802,0.03089347,-0.002836849,0.00066886,5.16E-06,-0.005007846,-0.003726436,0.004288433,-0.26271724,0.515816611,-0.000702043,0.030119179,0.004908557,-0.089701131,-0.0796092,0.168711424,0.748
0.07,3.88E-05,0.000149046,0.030901015,-0.002155495,-0.000158803,4.98E-06,-0.002426331,-0.000983736,-0.002836413,-0.331512165,-0.017132948,-3.90E-06,0.030119179,0.028825449,-0.241646513,-0.15606758,0.368045807,0.748
0.08,2.85E-05,0.000134747,0.030841744,-0.002076436,-5.71E-05,4.16E-06,0.000329341,-0.001941839,-0.00853551,0.573899913,-0.418621787,0.000497481,0.030119179,-0.243896872,-0.153206214,0.000931752,0.101621211,0.748
0.09,2.48E-05,0.000124512,0.030757577,-0.002391136,0.00066508,5.68E-06,-0.001021073,-0.000111727,-0.007602016,0.283746855,-0.988783974,0.001194443,0.030119179,0.181071877,-0.03391096,-0.168831736,0.347145259,0.748
0.1,3.46E-05,0.000125986,0.030672291,-0.002497282,0.001115456,5.13E-06,0.003079789,0.000427137,-0.008749649,-0.100855726,0.416238682,-0.000502975,0.030119179,-0.56001699,-0.465222687,0.357137978,0.350911677,0.748
0.11,2.86E-05,0.000112502,0.030628229,-0.002364926,0.001034539,5.32E-06,-0.004324007,-0.003195112,0.000308304,0.241913617,-0.44582429,0.00044417,0.030119179,0.214367181,0.167660534,-0.238702759,0.006764054,0.748
0.12,9.74E-06,0.000105945,0.030654592,-0.001879687,0.000444078,6.70E-06,0.000416789,0.001801003,0.004745826,-1.030359552,1.085374547,-0.000862508,0.030119179,-0.448603272,-0.563038528,0.339300573,0.518523276,0.748
0.13,-2.19E-05,9.11E-05,0.030730924,-0.001442346,-0.000389999,9.53E-06,-0.006963404,-0.004871923,0.009873121,0.552805109,-0.330936286,0.000384114,0.030119179,0.405894578,0.203875601,-0.44279772,-0.181774884,0.748
0.14,-5.84E-05,7.35E-05,0.03082894,-0.001155449,-0.001290723,8.15E-06,-0.000569388,0.001233311,0.008929401,-0.593565189,0.966104612,-0.001026485,0.030119179,-0.149218723,-0.442953348,0.040010702,0.200839311,0.748
0.15,-8.27E-05,6.84E-05,0.030911353,-0.001056879,-0.001916443,1.02E-05,-0.00445562,-0.002284895,0.006877433,0.524059837,-0.490409705,0.000837611,0.030119179,0.597232342,0.235475317,-0.454625338,0.073710874,0.748
0.16,-9.37E-05,6.30E-05,0.030918072,-0.001152531,-0.00211673,9.29E-06,0.002193614,0.001201721,-0.005585428,-0.217629273,0.541484037,-0.000590046,0.030119179,-0.293665946,-0.264768153,0.088488728,0.172020689,0.748
0.17,-0.000104144,6.55E-05,0.030843238,-0.001185981,-0.001813892,8.34E-06,-0.004306311,-0.000680732,-0.008772431,0.228288917,-1.34494977,0.001103418,0.030119179,0.597370088,0.245190382,-0.634090602,0.498671532,0.748
0.18,-0.000108487,5.72E-05,0.030709642,-0.001257041,-0.001538321,6.40E-06,0.003458493,-0.001021206,-0.016857538,0.152308815,0.795738418,-0.000414713,0.030119179,-0.495090663,-0.238490999,0.143956617,-0.307497293,0.748
0.19,-0.000121469,5.95E-05,0.030608888,-0.001077127,-0.001773854,4.76E-06,-0.006151379,0.001493721,-0.002437784,-0.568916965,-0.717773305,-0.000123854,0.030119179,0.679718196,-0.078509182,-0.571526229,0.783110559,0.748
0.2,-0.000146273,4.37E-05,0.030584037,-0.000872162,-0.002353295,7.76E-06,0.001027789,-0.004743251,-0.002322234,0.625239334,1.17066806,0.000252977,0.030119179,0.021028429,0.003836155,-0.040020596,-0.563389719,0.748
0.21,-0.000157392,2.88E-05,0.030632053,-0.000565443,-0.003177291,2.14E-06,-0.003384119,0.001647796,0.011515206,-0.791735822,0.18317475,-0.001432816,0.030119179,0.639683366,-0.134802386,-0.492777675,0.522374451,0.748
0.22,-0.00016477,1.96E-05,0.030743145,-0.000232768,-0.00369629,5.90E-06,0.001820587,-0.00355635,0.009782316,0.377986862,0.547035926,0.000695758,0.030119179,0.048957661,0.158168882,-0.05800008,-0.4062168,0.748
0.23,-0.000168166,1.23E-05,0.030848773,3.89E-05,-0.003371117,6.62E-06,-0.002470663,0.002047883,0.010472043,-0.655033932,-1.239273107,-0.001233169,0.030119179,0.852219999,0.01613614,-0.452310175,0.40003407,0.748
0.24,-0.000160669,1.80E-05,0.030886368,2.23E-05,-0.002721419,3.68E-06,0.004061087,-0.000885391,-0.003256367,0.522694182,0.266852661,0.000780478,0.030119179,-0.089403585,0.054473087,0.02641343,-0.218184158,0.748
0.25,-0.000150181,2.44E-05,0.030836763,-0.000400162,-0.002291078,5.37E-06,-0.001885151,0.002234477,-0.006258611,0.050624202,-0.738546296,0.000225904,0.030119179,0.575951576,-0.07270962,-0.473145247,0.280376405,0.748
0.26,-0.000145351,3.51E-05,0.030746644,-0.000828651,-0.002288511,2.36E-06,0.002874247,-8.45E-06,-0.011026771,0.456911865,0.901638634,0.000163641,0.030119179,-0.329162598,-0.175976098,-0.081943959,-0.242120758,0.748
0.27,-0.000151456,4.40E-05,0.030687269,-0.001049609,-0.002639356,1.96E-06,-0.004165112,0.001852537,-0.000349404,-0.281328571,-0.402447834,-0.000174481,0.030119179,0.606947124,-0.100218832,-0.578788936,0.450962812,0.748
0.28,-0.000163816,4.45E-05,0.030683665,-0.001003444,-0.003034357,3.22E-06,0.001601235,-0.001757298,-0.000339756,0.176273778,0.815276034,-0.000153686,0.030119179,0.064608343,-0.021164425,-0.195982546,-0.127898052,0.748
0.29,-0.000161942,3.87E-05,0.030711583,-0.000745626,-0.003331582,1.59E-06,-0.001247561,0.0005447,0.005689641,-0.504564722,-0.188978625,-0.000843613,0.030119179,0.547039151,0.074162871,-0.285677433,0.374256849,0.748
0.3,-0.000162359,3.68E-05,0.030741496,-0.000425485,-0.003175659,1.76E-06,0.001178559,-0.000965868,4.69E-05,-0.038062409,-0.127456769,-3.65E-05,0.030119179,0.075231463,-0.046865299,-0.288888544,0.234453648,0.748
0.31,-0.000159941,1.93E-05,0.030747188,-0.000396367,-0.002728083,1.04E-06,-0.00063974,-0.002607589,0.001043763,0.459386703,-0.638938745,0.000823863,0.030119179,0.521713495,0.327545494,-0.404170662,-0.123540513,0.748
0.32,-0.000149435,1.66E-05,0.03074457,-0.00027567,-0.00245309,2.53E-06,0.002812775,0.002046742,-0.001546042,-0.603107903,0.404473539,-0.000869998,0.030119179,0.092284545,-0.267316908,-0.048817746,0.327106416,0.748
0.33,-0.000138129,1.27E-05,0.030728611,-0.000187176,-0.002424474,3.10E-06,-0.000503267,-0.002870825,-0.001512985,0.540021266,-0.141619957,0.000732142,0.030119179,0.237693533,0.406177759,-0.210883796,-0.225671589,0.748
0.34,-0.000145297,1.48E-05,0.030711918,-0.000138392,-0.002411296,3.78E-06,-0.000959575,0.003308559,-0.001687567,-0.707299203,-0.075060181,-0.000926889,0.030119179,0.367513955,-0.221731409,-0.212827921,0.562632978,0.748
0.35,-0.000152033,1.46E-05,0.030683991,-0.000215696,-0.002601248,4.55E-06,-0.00043591,-0.003347553,-0.003666345,0.855654087,0.257694415,0.001188958,0.030119179,0.224796385,0.242919758,-0.258409739,-0.371635735,0.748
0.36,-0.000159132,1.12E-05,0.03067586,-0.000345345,-0.002914207,2.77E-06,-0.001046645,0.002669673,0.002108246,-0.510512268,0.152381078,-0.000841606,0.030119179,0.439458817,-0.208873212,-0.353110522,0.324809015,0.748
0.37,-0.000158813,1.57E-05,0.030705574,-0.000317134,-0.003171978,4.08E-06,0.001085282,-0.001764421,0.003587675,0.3244401,0.33979955,0.00050551,0.030119179,-0.071257249,0.142027944,-0.210936695,-0.079264358,0.748
0.38,-0.000167485,1.03E-05,0.03076137,-0.00025453,-0.003044812,4.89E-06,-0.002837545,0.000653883,0.00710584,-0.28789842,-0.818831714,-0.000363633,0.030119179,0.705404222,0.208266571,-0.355794877,0.419010907,0.748
0.39,-0.000174878,8.90E-06,0.030780155,-0.000113679,-0.002889602,5.43E-06,0.001343712,-0.000944272,-0.003501484,0.0646571,0.327435625,8.40E-05,0.030119179,0.163710982,-0.05595943,-0.075327888,0.084112346,0.748
0.4,-0.000178656,-6.35E-06,0.030737087,-6.07E-05,-0.003030397,5.91E-06,-0.00213343,-0.002174832,-0.004757203,0.251057687,-0.154252614,0.000423845,0.030119179,0.478711605,0.170622587,-0.440248191,-0.184508249,0.748
0.41,-0.000187244,-1.33E-05,0.030697743,0.000189491,-0.003335637,6.07E-06,0.000347869,0.000728551,-0.002783097,-0.542694463,0.520130744,-0.000934004,0.030119179,0.365813076,-0.106568076,-0.2734074,0.113122344,0.748
0.42,-0.00018432,-1.83E-05,0.03068199,0.000502157,-0.00368411,7.51E-06,0.000212012,-0.001775192,-0.000235854,0.086195254,0.237574325,0.000240794,0.030119179,0.154407203,0.257666647,-0.430243313,-0.17117849,0.748
0.43,-0.000185079,-1.94E-05,0.030707256,0.000635277,-0.003619759,7.56E-06,-0.000358838,0.00153583,0.005077195,-0.308825185,-0.391912824,-0.000745984,0.030119179,0.439258188,0.164080918,-0.317725271,0.245565772,0.748
0.44,-0.000183821,-1.03E-05,0.030740966,0.000477556,-0.003226158,6.00E-06,0.000656944,0.000342943,0.001386559,0.36114933,-0.328642968,0.000554957,0.030119179,0.403088033,0.148793295,-0.296783656,-0.076671652,0.748
0.45,-0.000174501,2.31E-06,0.030749602,8.00E-06,-0.002921885,4.88E-06,0.001276601,0.002269056,0.000268581,0.171743158,0.013181393,0.000278167,0.030119179,0.077487528,0.065185286,-0.184916139,0.308304727,0.748
0.46,-0.000177842,1.48E-05,0.030741313,-0.000513038,-0.002811227,4.46E-06,-0.0019482,0.000336292,-0.001857544,0.464567988,-0.306560252,0.000804203,0.030119179,0.369458139,0.069884077,-0.438367784,-0.016778603,0.748
0.47,-0.000189748,2.48E-05,0.030729402,-0.00077461,-0.003080334,2.98E-06,-0.00051039,0.001736334,-0.000425919,-0.252183305,0.499013744,-0.000632671,0.030119179,0.21579054,-0.211076587,-0.438500792,0.349813342,0.748
0.48,-0.000195438,2.04E-05,0.030736675,-0.000707754,-0.003707223,4.79E-06,-0.000714316,-0.002644432,0.001820101,0.248967436,0.517856523,0.000307397,0.030119179,0.354282737,0.114046663,-0.221014112,-0.092897341,0.748
0.49,-0.000208161,5.86E-06,0.030751279,-0.000289077,-0.004095071,3.77E-06,-0.001921453,-0.000369911,0.000980183,-0.634724658,-0.144880873,-0.001396333,0.030119179,0.636483192,-0.022950552,-0.600519538,0.452616513,0.748
0.5,-0.000203932,-1.97E-05,0.030740681,0.000305282,-0.004127936,6.20E-06,0.002781574,-0.004899532,-0.003014832,0.216125312,0.324152008,0.000546017,0.030119179,0.320590585,0.430863649,-0.048134387,-0.510807574,0.748
0.51,-0.00019141,-2.92E-05,0.030708058,0.000971184,-0.003681986,6.64E-06,-0.000182072,0.002883048,-0.003235796,-1.227940497,-0.818608447,-0.002904541,0.030119179,0.522609234,-0.140663445,-0.432094306,0.716202557,0.748
0.52,-0.000179913,-4.47E-05,0.030658841,0.001199194,-0.002958221,-1.94E-07,0.002602826,-0.006077583,-0.006204074,1.272583867,-0.2162885,0.001932136,0.030119179,0.260651648,0.472593516,-0.277572274,-0.782554746,0.748
0.53,-0.000157431,-5.60E-05,0.030641871,0.000991895,-0.002531828,1.21E-06,0.002032619,0.003795749,0.002954885,-0.537819721,0.016396106,-0.000721243,0.030119179,0.370841891,-0.183933944,-0.158672452,0.287472069,0.748
0.54,-0.00013721,-4.83E-05,0.030681599,0.000801254,-0.002391752,1.53E-06,0.002111794,-0.002188521,0.004660306,0.684592466,0.271923935,0.00103039,0.030119179,-0.115648836,0.284059852,0.060325246,-0.28729403,0.748
0.55,-0.000146803,-5.23E-05,0.030745278,0.000680963,-0.002259706,3.80E-06,-0.004048801,0.001381104,0.007543484,-0.322236334,-0.784896267,-0.000673962,0.030119179,0.679312885,0.279089242,-0.529624403,0.440407395,0.748
0.56,-0.000156244,-5.42E-05,0.030777021,0.000829079,-0.00256832,5.65E-06,0.002089947,-0.001779869,-0.001452279,0.094523774,1.067180486,0.000635174,0.030119179,-0.169959664,0.085744031,0.022273555,-0.395404816,0.748
0.57,-0.00016947,-5.90E-05,0.030780754,0.00113724,-0.003116542,2.86E-06,-0.004844173,0.000763424,0.002165821,-0.530908813,-0.416219864,-0.001145601,0.030119179,0.706764042,0.209593564,-0.531697214,0.12837176,0.748
0.58,-0.000189733,-5.67E-05,0.030771817,0.00137594,-0.003566611,5.29E-06,0.000663797,-0.000322306,-0.003877754,0.025133621,0.694548116,0.000592013,0.030119179,0.021273732,-0.019270139,-0.16387783,-0.153140903,0.748
0.59,-0.000205719,-6.33E-05,0.030747744,0.001194136,-0.003844817,6.86E-06,-0.003958814,-0.001011395,-0.000739076,0.483584229,-0.596468067,0.000648822,0.030119179,0.744671643,0.43199262,-0.8146016,-0.200768411,0.748
0.6,-0.00020733,-5.45E-05,0.030737313,0.000984502,-0.003975752,5.25E-06,0.003617168,0.002836091,-0.001260932,-0.331301241,0.799924005,-0.00026933,0.030119179,-0.002129987,-0.200353891,-0.112607434,-0.031945031,0.748
0.61,-0.000198819,-4.18E-05,0.03074686,0.000775821,-0.003848635,5.54E-06,-0.00186426,-0.000227692,0.003092599,0.38445203,-0.822984271,0.000480552,0.030119179,0.669457674,0.417150676,-0.743963182,-0.115304552,0.748
0.62,-0.000184322,-2.59E-05,0.030768431,0.000547417,-0.003428142,6.14E-06,0.004865083,0.003507922,0.001040576,-0.383480777,0.411630692,-0.000574721,0.030119179,-0.007835917,-0.368533611,-0.022635408,0.102580614,0.748
0.63,-0.000163429,-1.57E-05,0.030789395,0.000194705,-0.00287006,5.54E-06,-0.000541356,-0.001406232,0.002982745,0.747415346,-0.87074152,0.001102086,0.030119179,0.414390117,0.289597481,-0.321182638,0.005039752,0.748
0.64,-0.000161755,-2.00E-05,0.030791431,-9.10E-05,-0.002338969,6.20E-06,0.000935814,0.00057232,-0.002592959,-0.105037275,-0.056427988,-0.000109795,0.030119179,0.200898558,-0.017585978,-0.12954931,0.079549909,0.748
0.65,-0.000163361,-2.19E-05,0.030753366,0.000134433,-0.002437149,6.94E-06,-0.001276178,-0.000993616,-0.004706781,-0.256583338,0.203344813,-0.000305362,0.030119179,0.378459573,0.12924017,-0.353373557,0.000853997,0.748
0.66,-0.000169074,-2.98E-05,0.030704162,0.000621424,-0.003054646,8.51E-06,4.54E-05,-0.00066145,-0.004725118,-0.450953806,0.82357399,-0.000451728,0.030119179,0.047190733,-0.083407432,-0.078426763,-0.029123493,0.748
0.67,-0.000191064,-4.43E-05,0.030680194,0.000999999,-0.00361346,8.78E-06,-0.004596433,-0.002335965,0.000128857,0.121579054,-0.347433924,7.20E-05,0.030119179,0.698728085,0.113705337,-0.69374156,-0.200945258,0.748
0.68,-0.000204903,-6.13E-05,0.030705056,0.001156503,-0.0039834,8.87E-06,0.001730933,-0.001157255,0.004637294,0.054877953,0.664559043,0.000561871,0.030119179,0.334691644,0.135664582,-0.204507649,-0.304805756,0.748
0.69,-0.000195241,-6.26E-05,0.03076239,0.00128169,-0.004058211,8.53E-06,0.000238145,0.000870014,0.006354028,-0.239423307,-0.272162666,-0.00070132,0.030119179,0.580230355,0.123348139,-0.092064813,0.04873034,0.748
0.7,-0.000193566,-6.03E-05,0.030788653,0.001233844,-0.003521395,7.71E-06,0.00015935,-0.000383419,-0.001316097,0.268273769,-0.684337457,7.66E-05,0.030119179,0.55776453,0.193248466,-0.41111964,-0.003262162,0.748
0.71,-0.000178313,-6.52E-05,0.030753961,0.000996982,-0.002976766,6.62E-06,0.003008449,-0.000600832,-0.005338724,0.296890449,0.107851513,0.000563769,0.030119179,0.023149271,0.06302885,-0.132106632,-0.410136312,0.748
0.72,-0.000169509,-5.99E-05,0.030727595,0.000974737,-0.002675058,7.60E-06,-0.001182978,0.001680813,0.000286537,-0.397733413,-0.425431257,-0.000787428,0.030119179,0.331145644,0.026972093,-0.370336711,0.344183505,0.748
0.73,-0.000176987,-6.76E-05,0.030721802,0.001040331,-0.002726056,7.68E-06,-0.000349061,-0.003246263,-0.001398155,0.489775855,0.321621057,0.000935566,0.030119179,0.375592351,0.459243476,-0.23329863,-0.400830626,0.748
0.74,-0.000181188,-7.19E-05,0.030708516,0.001295564,-0.003258997,4.81E-06,-0.000564212,0.002330988,-0.001147401,-0.854527864,0.579470236,-0.001092055,0.030119179,0.252397597,-0.115418278,-0.348453909,0.090027131,0.748
0.75,-0.000188665,-6.92E-05,0.030715658,0.001557965,-0.003771604,7.08E-06,-0.001014373,-0.001788562,0.002516316,0.280937011,0.1845368,0.00075753,0.030119179,0.454881489,0.275897592,-0.330186069,-0.307625145,0.748
0.76,-0.000193489,-7.17E-05,0.030745014,0.001473889,-0.003872103,7.17E-06,2.01E-05,0.001274424,0.003111258,-0.041933694,-0.138392453,-0.000179734,0.030119179,0.373817295,0.146865845,-0.257947952,0.019880878,0.748
0.77,-0.000195679,-6.43E-05,0.030763482,0.001202919,-0.003542958,6.75E-06,-0.000432567,0.000268138,0.000429921,0.351479122,-0.545746265,0.000343505,0.030119179,0.644856036,0.252236575,-0.381707132,0.13469547,0.748
0.78,-0.00018407,-6.69E-05,0.03073584,0.000855685,-0.003207119,4.97E-06,0.002835698,-0.000761965,-0.005732469,0.366207973,0.254166423,0.000783439,0.030119179,0.11873503,0.053645007,-0.190418929,-0.346156359,0.748
0.79,-0.000170579,-6.72E-05,0.030705882,0.000883015,-0.002990441,5.54E-06,-6.14E-05,0.000702224,-7.49E-06,-0.413554998,-0.284593661,-0.000792117,0.030119179,0.408380061,0.044947095,-0.218649864,0.044589095,0.748
0.8,-0.000170115,-7.10E-05,0.030705036,0.001244404,-0.002821818,6.69E-06,0.000173454,-0.001513631,-0.000155096,-0.168528493,-0.023684304,-0.000254209,0.030119179,0.385644287,0.295790732,-0.307221144,0.004458994,0.748
0.81,-0.000163641,-8.48E-05,0.030698436,0.001616582,-0.002904162,7.90E-06,0.001139559,-0.001359995,-0.001109824,-0.158481796,0.361801508,9.06E-05,0.030119179,0.08561103,0.225319803,-0.187739611,-0.170740604,0.748
0.82,-0.000166131,-9.44E-05,0.030704725,0.001896408,-0.00299829,7.94E-06,-0.001656592,-0.000628127,0.002315035,-0.108068799,-0.260927815,-0.000424997,0.030119179,0.322703779,0.4191055,-0.374848008,-0.075805478,0.748
0.83,-0.000178167,-9.32E-05,0.030725221,0.001983048,-0.003044491,8.38E-06,-0.000804448,0.000872656,0.001613915,-0.086212454,0.008974023,-0.000110815,0.030119179,0.381908,0.060675807,-0.379745692,0.011596143,0.748
0.84,-0.000180125,-9.75E-05,0.030744619,0.001725551,-0.003267058,8.21E-06,0.000382496,-0.001717894,0.00210493,0.692101881,0.348279621,0.001589059,0.030119179,0.323089778,0.372794092,-0.244420171,-0.591329694,0.748
0.85,-0.000179234,-8.59E-05,0.030774518,0.001541848,-0.003454954,6.73E-06,-0.000218001,0.004087993,0.003626076,-0.636607084,0.018429047,-0.001166063,0.030119179,0.441854119,0.034627993,-0.302010596,0.087330058,0.748
0.86,-0.000176025,-5.95E-05,0.030791845,0.00137854,-0.003391417,6.49E-06,0.000879899,0.001320154,-0.0003011,0.221570179,-0.055022771,0.000391289,0.030119179,0.152855113,0.077435739,-0.305202812,-0.03733464,0.748
0.87,-0.000174492,-5.03E-05,0.030786577,0.000823274,-0.003059945,6.44E-06,-0.000534491,0.000616724,-0.000709052,0.547445819,-0.505533158,0.00071069,0.030119179,0.343127728,0.369277805,-0.33448419,-0.050251205,0.748
0.88,-0.000177182,-3.24E-05,0.030758142,0.000384808,-0.002794665,6.61E-06,1.08E-05,0.003077332,-0.004745866,-0.219118158,-0.047101967,-0.000322388,0.030119179,0.439456344,-0.088664412,-0.343321353,0.224126101,0.748
0.89,-0.000169347,-2.05E-05,0.030703803,0.000160584,-0.002970171,6.86E-06,0.001569455,-0.000616204,-0.005670667,0.316659491,0.616143839,0.000591331,0.030119179,-0.007854146,-0.07894402,-0.258070588,-0.234928504,0.748
0.9,-0.000169422,-2.31E-05,0.0306923,0.000126315,-0.003197704,6.65E-06,-0.001609507,8.61E-05,0.00346678,-0.175793536,-0.172833373,-0.000297218,0.030119179,0.474476904,0.092124119,-0.341267794,0.005600452,0.748
0.91,-0.000175879,-2.18E-05,0.030729185,0.000401796,-0.003245777,7.74E-06,0.000287056,0.000144814,0.003603902,-0.380916472,0.067389374,-0.000639108,0.030119179,0.313109934,0.134235024,-0.221096754,0.143544674,0.748
0.92,-0.000176814,-2.43E-05,0.030751669,0.00065763,-0.003199853,8.02E-06,-0.000471965,-0.000666179,0.000707457,-0.03587505,-0.184689024,-0.000107072,0.030119179,0.416677237,0.205526486,-0.318915397,-0.104946449,0.748
0.93,-0.000176396,-2.04E-05,0.030750645,0.000688278,-0.003126653,8.43E-06,0.000564665,0.001450601,-0.000903943,-0.12649502,0.060287316,-0.000171514,0.030119179,0.167454913,-0.047659397,-0.210679382,0.280738205,0.748
0.94,-0.000182031,-2.44E-05,0.030735027,0.000357613,-0.003079125,8.23E-06,-0.001711354,-0.002229242,-0.002090957,0.863787343,-0.299051418,0.001418941,0.030119179,0.591693342,0.387311935,-0.49842605,-0.261267662,0.748
0.95,-0.000178469,-2.11E-05,0.030711669,0.00012559,-0.003243399,5.49E-06,0.002422066,0.002917635,-0.002387261,-0.509062501,0.713280304,-0.000834154,0.030119179,-0.099115342,-0.434107125,0.040736631,0.076170199,0.748
0.96,-0.000189978,-1.84E-05,0.030720217,0.000164596,-0.003338144,5.05E-06,-0.004779507,-0.002368291,0.004023318,0.367089869,-0.864542847,0.00061419,0.030119179,0.87021327,0.517012954,-0.588092983,-0.034932561,0.748
0.97,-0.000202474,-2.00E-05,0.030730987,0.000374314,-0.003515345,7.13E-06,0.002210613,0.002016692,-0.001955914,-0.709803656,0.832832162,-0.001171521,0.030119179,-0.020608231,-0.460076123,-0.100500248,0.155521855,0.748
0.98,-0.000209497,-3.16E-05,0.030739427,0.00053212,-0.003813152,9.01E-06,-0.003674074,-0.004393536,0.003570714,0.714675366,-0.456107666,0.001382735,0.030119179,0.638316333,0.721827805,-0.504330158,-0.421767116,0.748
0.99,-0.000228798,-2.85E-05,0.030757175,0.000775856,-0.004034276,1.08E-05,-0.000287642,0.005002271,-0.000166332,-1.236225134,0.326544295,-0.002564216,0.030119179,0.377671927,-0.253886342,-0.374766409,0.617674708,0.748
1,-0.000233985,-2.19E-05,0.03073872,0.000737557,-0.004358146,1.41E-05,-0.000804956,-0.003664541,-0.003371591,1.141337421,0.141427098,0.002803616,0.030119179,0.402193367,0.155724838,-0.463172674,-0.60455215,0.748
1.01,-0.000240702,-2.82E-05,0.030737337,0.000292251,-0.004495582,1.34E-05,-0.000580978,0.002434931,0.00310583,-0.133719105,-0.063928012,-0.000313796,0.030119179,0.49725768,0.030759869,-0.661377788,0.353521407,0.748
1.02,-0.000231562,-2.28E-05,0.030761167,0.000106013,-0.004470091,1.31E-05,0.002449644,-0.001317032,0.001464139,0.338127344,0.251454752,0.00086717,0.030119179,0.315125555,0.192270592,-0.333814502,-0.155147821,0.748
1.03,-0.000213568,-2.40E-05,0.030773314,0.000244852,-0.004104121,1.41E-05,0.001261236,0.001059853,0.000866196,-0.552756705,-0.441161727,-0.001274254,0.030119179,0.447461367,0.052277084,-0.31444186,0.379939437,0.748
1.04,-0.00019978,-3.24E-05,0.0307511,0.000573134,-0.003422616,1.32E-05,0.001620004,-0.002801286,-0.005128155,0.180559167,-0.430495335,0.000231123,0.030119179,0.333307087,0.341646761,-0.423653394,-0.180835038,0.748
1.05,-0.000180242,-4.23E-05,0.030702731,0.000892071,-0.002932014,1.58E-05,0.002416857,0.000745548,-0.00414331,-0.515643249,0.058710028,-0.00076932,0.030119179,0.27058959,-0.122861631,-0.207447112,0.040116251,0.748
1.06,-0.00016239,-4.93E-05,0.030678789,0.001074616,-0.002756125,1.66E-05,0.001244664,-0.002198125,-0.000444575,0.353368043,0.108881344,0.000626511,0.030119179,0.087437637,0.211249784,-0.196567193,-0.397053421,0.748
1.07,-0.00016331,-5.16E-05,0.030707835,0.001066168,-0.002709244,1.72E-05,-0.001425126,0.001731118,0.006009801,-0.260544791,-0.229777496,-0.000490386,0.030119179,0.304496586,0.193660453,-0.373792261,0.216347605,0.748
1.08,-0.00017329,-4.31E-05,0.030759009,0.000914233,-0.00288129,1.72E-05,-0.000627647,1.97E-05,0.003802722,0.310707701,0.256264962,0.00064792,0.030119179,0.119736135,0.162423193,-0.233628303,-0.282710433,0.748
1.09,-0.000192165,-2.89E-05,0.030805043,0.000633586,-0.003270411,1.66E-05,-0.003260392,0.002899343,0.005021132,-0.171008628,-0.064748783,-0.000298459,0.030119179,0.799073577,0.081988283,-0.415021002,0.230723262,0.748
1.1,-0.000200605,-1.03E-05,0.030808001,0.000230121,-0.003908082,1.65E-05,0.001474825,0.000951208,-0.004450466,0.397642327,0.985425169,0.001005279,0.030119179,-0.129309908,-0.161647126,-0.324089617,-0.277172804,0.748
1.11,-0.000209251,3.37E-06,0.030797558,-0.000236223,-0.004191081,1.82E-05,-0.003268942,0.001877712,0.002447271,0.086560756,-0.701102868,0.000319563,0.030119179,0.604104877,0.058431089,-0.603685439,0.358743459,0.748
1.12,-0.000221194,9.28E-06,0.030791894,-0.000525317,-0.003954993,1.67E-05,0.000854182,-0.000642686,-0.003533888,0.284766357,-0.039398122,0.000658273,0.030119179,0.279100418,-0.01874426,-0.457478523,-0.168437958,0.748
1.13,-0.000214288,1.11E-05,0.030769176,-0.000423854,-0.003790264,1.75E-05,0.000570831,0.001013204,-0.000821157,-0.518634501,-0.067909407,-0.00102897,0.030119179,0.282954544,-0.047736794,-0.277629316,0.353523374,0.748
1.14,-0.000217464,4.66E-06,0.030744348,-9.28E-05,-0.003655204,1.78E-05,-0.001207694,-0.002369445,-0.003941121,0.080868339,-0.25791989,0.000205572,0.030119179,0.472612768,0.400516659,-0.404937387,0.044713102,0.748
1.15,-0.000224693,-2.38E-06,0.030687359,0.000232222,-0.003768196,1.94E-05,-0.000281859,0.000901649,-0.00698543,-0.507785231,0.296059333,-0.000977964,0.030119179,0.32252115,-0.141517982,-0.373887002,0.075211577,0.748
1.16,-0.000232239,-3.55E-06,0.030645897,0.000372668,-0.004142703,2.12E-05,-0.001301628,-0.001156875,-0.000958662,0.271911451,0.241492725,0.000696676,0.030119179,0.509236276,0.07419356,-0.435352236,-0.091894999,0.748
1.17,-0.000239804,-8.43E-06,0.030661705,0.000190364,-0.004527541,2.09E-05,-0.00028286,0.000179635,0.003987742,0.226429754,0.292112722,0.000622402,0.030119179,0.447339028,0.188147962,-0.433401793,0.037480034,0.748
1.18,-0.000240808,-7.75E-07,0.030710288,-2.14E-05,-0.004680319,2.07E-05,6.53E-05,0.001403707,0.005323899,-0.035312762,-0.061023814,-5.86E-05,0.030119179,0.495882303,0.119781002,-0.416216344,0.144153059,0.748
1.19,-0.000236922,1.27E-05,0.030754692,-0.000187904,-0.00444539,2.06E-05,0.000754488,0.001373978,0.003189884,-0.02439758,-0.301350024,2.74E-06,0.030119179,0.290286869,0.069248535,-0.439509004,0.38864404,0.748
1.2,-0.000233843,1.40E-05,0.030770467,-0.000428176,-0.003975023,1.95E-05,-7.80E-05,-0.001086836,-0.000164841,0.438917536,-0.488703686,0.001100862,0.030119179,0.427399814,0.141038567,-0.355378777,-0.055405654,0.748
1.21,-0.000236819,1.42E-05,0.030758894,-0.000475583,-0.003728356,2.07E-05,-0.000505238,0.001122707,-0.002054935,-0.348403408,-0.046455483,-0.000665904,0.030119179,0.521902621,-0.19563961,-0.373331577,0.132436976,0.748
1.22,-0.000239253,1.28E-05,0.030736293,-0.000283688,-0.004056516,2.27E-05,-2.63E-05,-0.001427938,-0.002277853,0.03053181,0.604053158,7.26E-06,0.030119179,0.175159663,0.035813745,-0.524712682,0.009302564,0.748
1.23,-0.000246035,1.17E-06,0.030735322,-5.91E-05,-0.004622985,2.30E-05,-0.001415249,-0.000966688,0.002092005,-0.137121126,0.270650946,-0.000322117,0.030119179,0.366346896,0.009296224,-0.548055649,0.07965672,0.748
1.24,-0.000258422,-1.22E-05,0.030764928,0.000203958,-0.004930896,2.39E-05,-0.001142494,-0.001780571,0.003583118,0.0099421,-0.053136449,5.44E-05,0.030119179,0.663942456,0.245497972,-0.531361103,-0.02917156,0.748
1.25,-0.0002566,-1.98E-05,0.030780633,0.000500719,-0.004944107,2.52E-05,0.00151351,0.00019591,-0.000570556,-0.347804598,0.115631417,-0.00087565,0.030119179,0.472901642,-0.055108011,-0.274940968,0.196004301,0.748
1.26,-0.000247976,-3.30E-05,0.030754198,0.000619042,-0.004601752,2.50E-05,0.00027874,-0.002902046,-0.00449977,0.481901952,-0.497186531,0.001078092,0.030119179,0.631308436,0.311935693,-0.427280396,-0.41068083,0.748
1.27,-0.000236462,-3.45E-05,0.030709639,0.000722346,-0.004106488,2.80E-05,0.002120987,0.002581451,-0.004042858,-0.649341339,-0.092773557,-0.00146308,0.030119179,0.291485518,-0.006313086,-0.175345182,0.335948735,0.748
1.28,-0.000231757,-2.94E-05,0.030662526,0.000751635,-0.003754877,2.66E-05,-0.001128953,-0.001550054,-0.004987878,0.462933977,-0.438009123,0.000805673,0.030119179,0.553707778,0.373633385,-0.685485661,-0.194181547,0.748
1.29,-0.00022324,-2.34E-05,0.030638268,0.000539475,-0.003798681,2.50E-05,0.002863408,0.002795978,0.000339699,-0.214567922,0.772382944,-0.000184306,0.030119179,0.066899523,-0.101848423,-0.210949063,0.095013022,0.748
1.3,-0.000217488,-7.45E-06,0.030676979,0.000210054,-0.004020356,2.64E-05,-0.001707763,0.0005033,0.007077862,0.402179758,-0.179129329,0.000899013,0.030119179,0.47923255,0.086888365,-0.516135633,-0.008569788,0.748
1.31,-0.000224471,9.92E-07,0.030760006,-0.000206723,-0.004106817,2.53E-05,0.000275808,0.001262421,0.008836548,0.154990451,0.105228083,0.000371301,0.030119179,0.361194491,0.103981353,-0.356173247,0.195345759,0.748
1.32,-0.000224795,1.00E-05,0.030826691,-0.000423128,-0.004108258,2.54E-05,-0.00033751,0.000599098,0.003954904,-0.003870605,-0.14026918,5.88E-05,0.030119179,0.421535939,0.047157429,-0.296396971,0.113065563,0.748
1.33,-0.000231779,1.49E-05,0.030833757,-0.000374321,-0.00400649,2.59E-05,-0.001077766,0.000386778,-0.002599732,-0.211047912,-0.227364915,-0.000381114,0.030119179,0.432322979,0.065282479,-0.40518102,0.249112964,0.748
1.34,-0.000241962,1.27E-05,0.030776291,-0.000226018,-0.004077067,2.68E-05,-0.001011077,-0.000833003,-0.008424751,0.000596734,0.110080452,2.29E-05,0.030119179,0.492061377,0.023148496,-0.484414577,-0.013590863,0.748
1.35,-0.000246543,7.90E-06,0.030694313,-9.57E-05,-0.004446048,2.75E-05,3.40E-05,-0.000168852,-0.007289801,-0.11354657,0.505490843,-0.000267477,0.030119179,0.243411899,-0.068388775,-0.402464569,0.110490493,0.748
1.36,-0.00025677,-1.17E-06,0.030648246,-1.67E-05,-0.004767679,2.85E-05,-0.00216083,-0.001692346,-0.001537467,0.214825443,-0.135463703,0.000597441,0.030119179,0.721079886,0.212726653,-0.67276746,-0.094184548,0.748
1.37,-0.000255825,-4.38E-06,0.030653534,0.000104598,-0.0049148,2.90E-05,0.002337941,0.001023625,0.002551196,-0.361820684,0.448718774,-0.000911442,0.030119179,0.237639606,-0.077532813,-0.432797551,0.2670995,0.748
1.38,-0.000242079,-1.09E-05,0.030702336,0.000192859,-0.004719176,2.92E-05,0.000494,-0.002364033,0.006800985,0.376108649,-0.476274264,0.000957,0.030119179,0.692152381,0.368733734,-0.447641075,-0.105145492,0.748
1.39,-0.000223119,-1.50E-05,0.030754717,0.000301246,-0.00412033,3.18E-05,0.003438452,0.001520257,0.003242652,-0.467974533,-0.158976069,-0.001046953,0.030119179,0.015223607,-0.151299968,-0.040571548,0.136510342,0.748
1.4,-0.000222119,-1.51E-05,0.030786823,0.000377983,-0.003329632,2.89E-05,-0.003149769,-0.00155239,0.002913591,0.334500603,-1.285621576,0.000381394,0.030119179,0.912086606,0.468939841,-0.563943446,0.167788148,0.748
1.41,-0.000222255,-1.97E-05,0.030761351,0.000325266,-0.003275873,2.79E-05,0.00312917,0.000613729,-0.007800811,-0.108621005,1.17738208,5.19E-05,0.030119179,-0.153536201,-0.305798888,-0.038385022,-0.125800714,0.748
1.42,-0.000232208,-2.53E-05,0.030717991,0.000302964,-0.003987079,2.99E-05,-0.005242108,-0.001744717,-0.00051088,0.297200313,-0.094054729,0.00067168,0.030119179,0.598552465,0.360035717,-0.852824509,-0.013661541,0.748
1.43,-0.000256626,-3.01E-05,0.030719785,0.000437869,-0.004835936,2.87E-05,0.000170494,0.000746665,0.000858323,-0.424990857,1.032239084,-0.000837381,0.030119179,0.190327123,-0.23765254,-0.246218815,-0.005158536,0.748
1.44,-0.000277071,-3.84E-05,0.030750858,0.000670801,-0.005427625,2.96E-05,-0.004400632,-0.002459615,0.005093828,0.211861455,-0.490717278,0.000488933,0.030119179,0.835071623,0.427709788,-0.805268645,-0.250354528,0.748
1.45,-0.00029158,-3.83E-05,0.030791442,0.000957583,-0.005552076,3.22E-05,0.001425995,0.00245034,0.002690082,-0.7267574,0.289634592,-0.002014413,0.030119179,0.580283403,0.032285459,-0.239670902,0.321573555,0.748
1.46,-0.000286044,-3.24E-05,0.030775569,0.000945611,-0.005369855,3.17E-05,-0.000279715,-0.001250105,-0.0057344,0.580551505,-0.459184605,0.001509053,0.030119179,0.339258492,0.339135051,-0.606704593,-0.186419919,0.748
1.47,-0.000292042,-2.61E-05,0.030724826,0.000525878,-0.004889818,3.27E-05,-0.000901223,0.00258189,-0.003995647,0.018944953,-0.559330989,-7.04E-05,0.030119179,0.569013417,0.041327104,-0.652569056,0.296746671,0.748
1.48,-0.000292251,-1.57E-05,0.030684758,7.34E-05,-0.004776811,2.99E-05,0.000867937,-0.000415155,-0.0036844,0.564398585,0.365448079,0.001529801,0.030119179,0.397771329,0.168318212,-0.406747848,-0.151116937,0.748
1.49,-0.000293894,-7.54E-06,0.030668252,-0.000172091,-0.00513634,2.80E-05,-0.001242881,0.002107151,0.000521196,-0.328404873,0.294463228,-0.000909111,0.030119179,0.588691235,-0.13674207,-0.501718283,0.178188711,0.748
1.5,-0.000304245,-1.72E-06,0.030688999,-0.000100736,-0.005614101,2.94E-05,-0.0009188,-0.000927077,0.003455292,0.023199164,0.326603267,9.52E-05,0.030119179,0.3977651,0.128612339,-0.513102651,0.104127645,0.748
1.51,-0.000321416,-1.06E-05,0.030731975,9.10E-05,-0.005898309,3.00E-05,-0.00261118,-0.000910562,0.004781089,-0.140203432,-0.281552589,-0.000425081,0.030119179,0.831587493,0.193236411,-0.73943609,0.185302585,0.748
1.52,-0.000327598,-2.16E-05,0.030761278,0.000387665,-0.006057232,3.20E-05,0.001333673,-0.001355577,0.000838758,-0.114026246,0.393877463,-0.000253678,0.030119179,0.51898396,0.124293171,-0.519346356,-0.046661831,0.748
1.53,-0.000318782,-3.12E-05,0.030765201,0.000689674,-0.006052108,3.28E-05,0.000467104,-0.000647578,-8.55E-05,-0.184053107,-0.170967047,-0.000633014,0.030119179,0.642109036,0.040356845,-0.585934997,-0.011505313,0.748
1.54,-0.000308834,-4.08E-05,0.030759665,0.000850386,-0.005679816,3.34E-05,0.001600783,-0.001316114,-0.0009765,0.144919236,-0.245231147,0.000377267,0.030119179,0.527769208,0.517830908,-0.444357783,-0.082202822,0.748
1.55,-0.000297305,-3.27E-05,0.030726229,0.000917224,-0.005156617,3.54E-05,0.000802165,0.002955142,-0.005435948,-0.49950689,-0.393872107,-0.001565628,0.030119179,0.445643663,-0.120105118,-0.613519669,0.485693872,0.748
1.56,-0.000288191,-3.63E-05,0.030675001,0.000644006,-0.004799426,3.24E-05,0.001090692,-0.003650875,-0.004383421,1.16317393,0.007900846,0.003104115,0.030119179,0.249919191,0.334566325,-0.435263425,-0.578841507,0.748
1.57,-0.000293,-3.72E-05,0.030675501,0.000358739,-0.004793835,3.29E-05,-0.002071874,0.00348885,0.004477677,-0.573695021,-0.153512865,-0.001487584,0.030119179,0.647958517,0.123256341,-0.658372104,0.535036862,0.748
1.58,-0.000301144,-2.64E-05,0.030706301,0.000395406,-0.005252414,3.56E-05,0.000363844,-0.001291888,0.00142934,0.183907851,0.774441904,0.000745667,0.030119179,0.422033995,0.176972628,-0.316153884,-0.33212328,0.748
1.59,-0.000312692,-2.00E-05,0.030734328,0.00053133,-0.005841493,3.37E-05,-0.002778624,0.002592814,0.003941914,-0.606648528,0.01650553,-0.001886677,0.030119179,0.703764737,-0.20809944,-0.744358778,0.36408788,0.748
1.6,-0.000325106,-2.33E-05,0.030772082,0.000447074,-0.006189014,3.51E-05,0.000210856,-0.003265557,0.0032971,0.85517461,0.263729902,0.003007955,0.030119179,0.601404369,0.41795665,-0.426318467,-0.416843116,0.748
1.61,-0.000328368,-2.20E-05,0.030791522,0.000356431,-0.006165656,3.61E-05,-0.000872294,0.003545045,0.000430637,-0.720359965,-0.408278207,-0.002462109,0.030119179,0.696985066,-0.044133246,-0.812722504,0.693314075,0.748
1.62,-0.000320129,-2.34E-05,0.030763725,0.000306761,-0.00586454,3.47E-05,0.002582615,-0.003827333,-0.005763335,0.845631195,0.099102547,0.002776774,0.030119179,0.283410698,0.42537564,-0.410318464,-0.479119509,0.748
1.63,-0.000313805,-2.45E-05,0.030718286,0.000372081,-0.005422226,3.86E-05,-0.001253293,0.003593765,-0.002946025,-0.94220878,-0.725730523,-0.002894608,0.030119179,0.554492235,0.092659123,-0.668479919,0.795064628,0.748
1.64,-0.000320983,-2.43E-05,0.03066455,0.000546152,-0.005145052,3.75E-05,-0.000187189,-0.003575689,-0.007358869,0.610482143,0.037438956,0.001779357,0.030119179,0.613767743,0.454882205,-0.704713464,-0.390513957,0.748
1.65,-0.000313837,-2.54E-05,0.03062182,0.000575353,-0.005479307,3.51E-05,0.001606999,0.003361918,-0.000825328,-0.683373185,0.879331119,-0.00171511,0.030119179,0.091595829,-0.310018092,-0.469973385,0.230704144,0.748
1.66,-0.00032316,-2.03E-05,0.030668596,0.000496197,-0.005922283,3.80E-05,-0.003549974,-0.002321643,0.00978298,0.677924244,-0.286309679,0.002178033,0.030119179,0.956310332,0.429985046,-0.574192584,-0.330441415,0.748
1.67,-0.000341821,-1.18E-05,0.030758415,0.000327163,-0.006241326,3.71E-05,-0.00028841,0.004081028,0.007437243,-0.556927478,0.291809482,-0.001791479,0.030119179,0.51872462,-0.277883172,-0.563483417,0.539423823,0.748
1.68,-0.000350249,-9.74E-06,0.030817172,-2.85E-05,-0.006454434,3.81E-05,-0.001446317,-0.003624668,0.003832753,1.162269205,-0.175300376,0.004163347,0.030119179,0.678649068,0.472146928,-0.660708964,-0.268973142,0.748
1.69,-0.000360204,-1.47E-05,0.030829352,-0.00016871,-0.006468143,3.90E-05,-0.000586284,0.002617665,-0.001496593,-0.786700686,-0.06982021,-0.002721913,0.030119179,0.896632135,-0.159181729,-0.675162137,0.234205931,0.748
1.7,-0.000351732,-8.02E-06,0.030786367,0.000235852,-0.006550199,4.29E-05,0.002305382,-0.001289896,-0.006748254,-0.1202187,0.478939394,-0.000312504,0.030119179,0.449756801,0.114131063,-0.631495833,-0.050089393,0.748
1.71,-0.000334617,-1.50E-05,0.030723901,0.000484578,-0.006401022,4.37E-05,0.001197399,-0.000162963,-0.005225316,-0.157603056,-0.258103039,-0.000563097,0.030119179,0.618466914,-0.000455037,-0.506710291,0.138303831,0.748
1.72,-0.000324683,-2.60E-05,0.030672766,0.00050321,-0.005795407,4.32E-05,0.000888742,-0.002073743,-0.004577266,0.431982447,-0.594045121,0.001264019,0.030119179,0.658848405,0.2041547,-0.621233344,-0.120475315,0.748
1.73,-0.000309046,-3.67E-05,0.030646297,0.000476913,-0.005216497,4.45E-05,0.002362887,-0.000124902,-0.000495258,-0.078433024,-0.072836054,-0.000184598,0.030119179,0.408046216,0.261574626,-0.471376061,0.047201015,0.748
1.74,-0.000294211,-3.39E-05,0.030656985,0.000648661,-0.004952862,4.59E-05,0.00069461,0.000686597,0.002544592,-0.342535973,-0.030350963,-0.00088067,0.030119179,0.67443186,0.014860287,-0.537443459,0.23648876,0.748
1.75,-0.000278265,-4.31E-05,0.030686701,0.000767427,-0.005003321,4.77E-05,0.002556359,-0.002571291,0.003151226,0.375405794,0.564683289,0.001322576,0.030119179,0.212624282,0.251455635,-0.294034481,-0.317433476,0.748
1.76,-0.000274046,-5.02E-05,0.030739729,0.000903268,-0.005008701,4.82E-05,-0.001687764,0.001101965,0.007012654,-0.429581912,-0.467873057,-0.001350474,0.030119179,0.681021094,0.245885313,-0.571379304,0.287734836,0.748
1.77,-0.000277845,-4.89E-05,0.030778902,0.001046341,-0.004901174,4.92E-05,0.000924723,-0.000846195,0.000500978,0.122251768,0.134025151,0.000462725,0.030119179,0.426014036,0.255175114,-0.43683809,-0.094251901,0.748
1.78,-0.000273412,-4.93E-05,0.030771956,0.001006182,-0.004900586,4.97E-05,-2.01E-05,0.000755209,-0.001832655,-0.04107544,-0.016874084,-6.13E-05,0.030119179,0.584971905,0.144022092,-0.444830537,-0.021350188,0.748
1.79,-0.000270311,-4.17E-05,0.030739996,0.000857048,-0.004898396,4.99E-05,0.000651335,0.000810397,-0.004295613,0.107702886,0.115984756,0.000401258,0.030119179,0.399116665,0.158007219,-0.422024906,-0.12365368,0.748
1.8,-0.000269704,-2.67E-05,0.030704651,0.000606191,-0.004837895,5.00E-05,-0.000524424,0.002278348,-0.002479847,-0.050820965,-0.195429855,-0.000141088,0.030119179,0.410023212,0.048440531,-0.340022236,0.212433696,0.748
1.81,-0.000284935,-1.52E-05,0.030678911,0.00022266,-0.00474135,4.91E-05,-0.002577355,0.000115177,-0.002455332,0.470269241,-0.402595765,0.00122967,0.030119179,0.731089234,0.343656063,-0.671831429,0.150442153,0.748
1.82,-0.000292633,-7.47E-06,0.030649914,-0.000114653,-0.005017663,4.67E-05,0.000976513,0.001502307,-0.003102244,-0.025689202,0.737909235,-5.90E-05,0.030119179,0.384057432,-0.323573589,-0.334996551,-0.1707353,0.748
1.83,-0.000297654,-3.31E-07,0.030668735,-0.000200193,-0.005518632,4.71E-05,-0.002052638,-3.59E-05,0.006707085,-0.007923169,0.093039935,2.39E-05,0.030119179,0.924860835,0.069996595,-0.575198174,-0.041459888,0.748
1.84,-0.000297458,4.66E-06,0.030734966,-7.05E-05,-0.005860173,4.78E-05,0.002058298,0.001040485,0.00599063,-0.376961102,0.516409857,-0.001170526,0.030119179,0.332890272,0.018748134,-0.403356403,0.370433867,0.748
1.85,-0.000290174,-3.32E-07,0.030780544,2.03E-05,-0.00563485,4.79E-05,-0.000542988,-0.002066603,0.002750355,0.343323786,-0.768788763,0.001108775,0.030119179,0.816095769,0.360272527,-0.657974482,0.051153712,0.748
1.86,-0.000274225,-7.51E-06,0.030774883,9.63E-05,-0.004950479,5.03E-05,0.003866762,0.000594889,-0.003838,-0.283588399,-0.057480113,-0.000711128,0.030119179,0.22256881,0.00321016,-0.149775684,0.267271668,0.748
1.87,-0.000261886,-1.51E-05,0.030718973,0.000217151,-0.004238539,4.95E-05,-0.001284616,-0.002157329,-0.006882343,0.267772004,-0.90960713,0.000572532,0.030119179,0.694471955,0.642596602,-0.55275619,0.008593764,0.748
1.88,-0.000259769,-9.81E-06,0.030628105,0.000387642,-0.003977288,5.36E-05,0.001742134,0.003223157,-0.010539582,-0.768700323,0.515067362,-0.001501303,0.030119179,0.13512066,-0.318930537,-0.223775059,0.538658857,0.748
1.89,-0.000268361,-1.91E-05,0.030555801,0.000375988,-0.00439001,5.79E-05,-0.003552119,-0.005128844,-0.003311157,1.07511504,0.104510707,0.002669299,0.030119179,0.813879371,0.691797078,-0.806707501,-0.512161195,0.748
1.9,-0.000272676,-1.79E-05,0.03056685,0.000320277,-0.005159421,4.92E-05,0.002585551,0.00537675,0.005429463,-0.964811196,1.343439223,-0.002432369,0.030119179,0.108466983,-0.425945729,-0.201058269,0.430233717,0.748
1.91,-0.000276767,-5.72E-06,0.030666436,0.000205613,-0.00561289,5.30E-05,-0.003453817,-0.002862622,0.013645433,0.796065895,-0.573619939,0.002439995,0.030119179,0.756838143,0.654809594,-0.622023463,-0.212545156,0.748
1.92,-0.000293686,4.69E-06,0.030787428,5.70E-05,-0.005414228,5.65E-05,2.36E-05,0.004988826,0.009553598,-0.773174808,-0.355184378,-0.002242394,0.030119179,0.311558932,-0.158930495,-0.393575758,0.618605375,0.748
1.93,-0.000308954,2.12E-05,0.030850777,-0.000294245,-0.00500907,5.15E-05,-0.003093067,-0.001570857,0.002600602,0.941767935,-0.793647845,0.002766164,0.030119179,0.671481431,0.452129304,-0.792856157,0.04640248,0.748
1.94,-0.00032338,2.71E-05,0.03083652,-0.000768589,-0.005240823,4.71E-05,0.000126522,0.002816627,-0.005336917,-0.243723827,0.827375953,-0.000991557,0.030119179,0.325976282,-0.384187907,-0.487401128,0.047193319,0.748
1.95,-0.000337323,4.08E-05,0.030792949,-0.00088393,-0.006131844,4.88E-05,-0.003066224,-1.86E-06,-0.003017269,0.10163783,0.42839381,0.000188893,0.030119179,0.708335042,0.040550627,-0.911272883,0.138731033,0.748
1.96,-0.000348388,4.30E-05,0.030759825,-0.000874969,-0.006919142,4.89E-05,0.000727898,0.000441115,-0.003331813,-0.178511646,0.747763366,-0.000976872,0.030119179,0.355223775,-0.261904866,-0.572635591,0.193529099,0.748
1.97,-0.000354778,3.31E-05,0.030742871,-0.000779265,-0.006965936,4.99E-05,-0.00203969,-0.002472522,8.08E-05,0.27102683,-0.819095489,0.001439063,0.030119179,1,0.345595568,-0.916270256,0.331742942,0.748
1.98,-0.000343908,1.32E-05,0.03071322,-0.000505695,-0.006376183,5.27E-05,0.004318447,-0.001622232,-0.005769471,-0.226945762,0.03154418,-0.000741687,0.030119179,0.364070237,0.150067002,-0.298452079,0.216441736,0.748
1.99,-0.00032473,-4.79E-06,0.030650023,4.57E-05,-0.00559108,5.35E-05,-0.000331837,-0.002102362,-0.006342758,-0.336069642,-0.977097929,-0.000993717,0.030119179,0.764189422,0.34242633,-0.77259028,0.434246838,0.748
2,-0.000309042,-3.21E-05,0.030582069,0.000629592,-0.004996534,5.72E-05,0.003595033,-0.003543982,-0.006682456,-0.033799679,0.313242846,7.47E-05,0.030119179,0,0,0,0,0.748
